id,urls
sVVmoT4YW40,"{'raw': 'https://images.unsplash.com/photo-1623074970559-2deb767858d8?ixid=M3w1MzgyNzl8MHwxfGNvbGxlY3Rpb258MXxONHdET2llSUF3Z3x8fHx8Mnx8MTcwMjAwNTg5MHw&ixlib=rb-4.0.3', 'full': 'https://images.unsplash.com/photo-1623074970559-2deb767858d8?crop=entropy&cs=srgb&fm=jpg&ixid=M3w1MzgyNzl8MHwxfGNvbGxlY3Rpb258MXxONHdET2llSUF3Z3x8fHx8Mnx8MTcwMjAwNTg5MHw&ixlib=rb-4.0.3&q=85', 'regular': 'https://images.unsplash.com/photo-1623074970559-2deb767858d8?crop=entropy&cs=tinysrgb&fit=max&fm=jpg&ixid=M3w1MzgyNzl8MHwxfGNvbGxlY3Rpb258MXxONHdET2llSUF3Z3x8fHx8Mnx8MTcwMjAwNTg5MHw&ixlib=rb-4.0.3&q=80&w=1080', 'small': 'https://images.unsplash.com/photo-1623074970559-2deb767858d8?crop=entropy&cs=tinysrgb&fit=max&fm=jpg&ixid=M3w1MzgyNzl8MHwxfGNvbGxlY3Rpb258MXxONHdET2llSUF3Z3x8fHx8Mnx8MTcwMjAwNTg5MHw&ixlib=rb-4.0.3&q=80&w=400', 'thumb': 'https://images.unsplash.com/photo-1623074970559-2deb767858d8?crop=entropy&cs=tinysrgb&fit=max&fm=jpg&ixid=M3w1MzgyNzl8MHwxfGNvbGxlY3Rpb258MXxONHdET2llSUF3Z3x8fHx8Mnx8MTcwMjAwNTg5MHw&ixlib=rb-4.0.3&q=80&w=200', 'small_s3': 'https://s3.us-west-2.amazonaws.com/images.unsplash.com/small/photo-1623074970559-2deb767858d8'}"
z4r-J7uA24w,"{'raw': 'https://images.unsplash.com/photo-1680899350962-597276900e78?ixid=M3w1MzgyNzl8MHwxfGNvbGxlY3Rpb258MnxONHdET2llSUF3Z3x8fHx8Mnx8MTcwMjAwNTg5MHw&ixlib=rb-4.0.3', 'full': 'https://images.unsplash.com/photo-1680899350962-597276900e78?crop=entropy&cs=srgb&fm=jpg&ixid=M3w1MzgyNzl8MHwxfGNvbGxlY3Rpb258MnxONHdET2llSUF3Z3x8fHx8Mnx8MTcwMjAwNTg5MHw&ixlib=rb-4.0.3&q=85', 'regular': 'https://images.unsplash.com/photo-1680899350962-597276900e78?crop=entropy&cs=tinysrgb&fit=max&fm=jpg&ixid=M3w1MzgyNzl8MHwxfGNvbGxlY3Rpb258MnxONHdET2llSUF3Z3x8fHx8Mnx8MTcwMjAwNTg5MHw&ixlib=rb-4.0.3&q=80&w=1080', 'small': 'https://images.unsplash.com/photo-1680899350962-597276900e78?crop=entropy&cs=tinysrgb&fit=max&fm=jpg&ixid=M3w1MzgyNzl8MHwxfGNvbGxlY3Rpb258MnxONHdET2llSUF3Z3x8fHx8Mnx8MTcwMjAwNTg5MHw&ixlib=rb-4.0.3&q=80&w=400', 'thumb': 'https://images.unsplash.com/photo-1680899350962-597276900e78?crop=entropy&cs=tinysrgb&fit=max&fm=jpg&ixid=M3w1MzgyNzl8MHwxfGNvbGxlY3Rpb258MnxONHdET2llSUF3Z3x8fHx8Mnx8MTcwMjAwNTg5MHw&ixlib=rb-4.0.3&q=80&w=200', 'small_s3': 'https://s3.us-west-2.amazonaws.com/images.unsplash.com/small/photo-1680899350962-597276900e78'}"
hAwYdqAMqU0,"{'raw': 'https://images.unsplash.com/photo-1581442548521-c8dbe4999fa6?ixid=M3w1MzgyNzl8MHwxfGNvbGxlY3Rpb258M3xONHdET2llSUF3Z3x8fHx8Mnx8MTcwMjAwNTg5MHw&ixlib=rb-4.0.3', 'full': 'https://images.unsplash.com/photo-1581442548521-c8dbe4999fa6?crop=entropy&cs=srgb&fm=jpg&ixid=M3w1MzgyNzl8MHwxfGNvbGxlY3Rpb258M3xONHdET2llSUF3Z3x8fHx8Mnx8MTcwMjAwNTg5MHw&ixlib=rb-4.0.3&q=85', 'regular': 'https://images.unsplash.com/photo-1581442548521-c8dbe4999fa6?crop=entropy&cs=tinysrgb&fit=max&fm=jpg&ixid=M3w1MzgyNzl8MHwxfGNvbGxlY3Rpb258M3xONHdET2llSUF3Z3x8fHx8Mnx8MTcwMjAwNTg5MHw&ixlib=rb-4.0.3&q=80&w=1080', 'small': 'https://images.unsplash.com/photo-1581442548521-c8dbe4999fa6?crop=entropy&cs=tinysrgb&fit=max&fm=jpg&ixid=M3w1MzgyNzl8MHwxfGNvbGxlY3Rpb258M3xONHdET2llSUF3Z3x8fHx8Mnx8MTcwMjAwNTg5MHw&ixlib=rb-4.0.3&q=80&w=400', 'thumb': 'https://images.unsplash.com/photo-1581442548521-c8dbe4999fa6?crop=entropy&cs=tinysrgb&fit=max&fm=jpg&ixid=M3w1MzgyNzl8MHwxfGNvbGxlY3Rpb258M3xONHdET2llSUF3Z3x8fHx8Mnx8MTcwMjAwNTg5MHw&ixlib=rb-4.0.3&q=80&w=200', 'small_s3': 'https://s3.us-west-2.amazonaws.com/images.unsplash.com/small/photo-1581442548521-c8dbe4999fa6'}"
Chlljis8Co8,"{'raw': 'https://images.unsplash.com/photo-1541388810897-3964fe779a8f?ixid=M3w1MzgyNzl8MHwxfGNvbGxlY3Rpb258NHxONHdET2llSUF3Z3x8fHx8Mnx8MTcwMjAwNTg5MHw&ixlib=rb-4.0.3', 'full': 'https://images.unsplash.com/photo-1541388810897-3964fe779a8f?crop=entropy&cs=srgb&fm=jpg&ixid=M3w1MzgyNzl8MHwxfGNvbGxlY3Rpb258NHxONHdET2llSUF3Z3x8fHx8Mnx8MTcwMjAwNTg5MHw&ixlib=rb-4.0.3&q=85', 'regular': 'https://images.unsplash.com/photo-1541388810897-3964fe779a8f?crop=entropy&cs=tinysrgb&fit=max&fm=jpg&ixid=M3w1MzgyNzl8MHwxfGNvbGxlY3Rpb258NHxONHdET2llSUF3Z3x8fHx8Mnx8MTcwMjAwNTg5MHw&ixlib=rb-4.0.3&q=80&w=1080', 'small': 'https://images.unsplash.com/photo-1541388810897-3964fe779a8f?crop=entropy&cs=tinysrgb&fit=max&fm=jpg&ixid=M3w1MzgyNzl8MHwxfGNvbGxlY3Rpb258NHxONHdET2llSUF3Z3x8fHx8Mnx8MTcwMjAwNTg5MHw&ixlib=rb-4.0.3&q=80&w=400', 'thumb': 'https://images.unsplash.com/photo-1541388810897-3964fe779a8f?crop=entropy&cs=tinysrgb&fit=max&fm=jpg&ixid=M3w1MzgyNzl8MHwxfGNvbGxlY3Rpb258NHxONHdET2llSUF3Z3x8fHx8Mnx8MTcwMjAwNTg5MHw&ixlib=rb-4.0.3&q=80&w=200', 'small_s3': 'https://s3.us-west-2.amazonaws.com/images.unsplash.com/small/photo-1541388810897-3964fe779a8f'}"
7zdmeRqnlng,"{'raw': 'https://images.unsplash.com/photo-1552124385-6fe3ed157f14?ixid=M3w1MzgyNzl8MHwxfGNvbGxlY3Rpb258NXxONHdET2llSUF3Z3x8fHx8Mnx8MTcwMjAwNTg5MHw&ixlib=rb-4.0.3', 'full': 'https://images.unsplash.com/photo-1552124385-6fe3ed157f14?crop=entropy&cs=srgb&fm=jpg&ixid=M3w1MzgyNzl8MHwxfGNvbGxlY3Rpb258NXxONHdET2llSUF3Z3x8fHx8Mnx8MTcwMjAwNTg5MHw&ixlib=rb-4.0.3&q=85', 'regular': 'https://images.unsplash.com/photo-1552124385-6fe3ed157f14?crop=entropy&cs=tinysrgb&fit=max&fm=jpg&ixid=M3w1MzgyNzl8MHwxfGNvbGxlY3Rpb258NXxONHdET2llSUF3Z3x8fHx8Mnx8MTcwMjAwNTg5MHw&ixlib=rb-4.0.3&q=80&w=1080', 'small': 'https://images.unsplash.com/photo-1552124385-6fe3ed157f14?crop=entropy&cs=tinysrgb&fit=max&fm=jpg&ixid=M3w1MzgyNzl8MHwxfGNvbGxlY3Rpb258NXxONHdET2llSUF3Z3x8fHx8Mnx8MTcwMjAwNTg5MHw&ixlib=rb-4.0.3&q=80&w=400', 'thumb': 'https://images.unsplash.com/photo-1552124385-6fe3ed157f14?crop=entropy&cs=tinysrgb&fit=max&fm=jpg&ixid=M3w1MzgyNzl8MHwxfGNvbGxlY3Rpb258NXxONHdET2llSUF3Z3x8fHx8Mnx8MTcwMjAwNTg5MHw&ixlib=rb-4.0.3&q=80&w=200', 'small_s3': 'https://s3.us-west-2.amazonaws.com/images.unsplash.com/small/photo-1552124385-6fe3ed157f14'}"
tB71yQN0_L0,"{'raw': 'https://images.unsplash.com/photo-1606235488365-2429eee6e98c?ixid=M3w1MzgyNzl8MHwxfGNvbGxlY3Rpb258NnxONHdET2llSUF3Z3x8fHx8Mnx8MTcwMjAwNTg5MHw&ixlib=rb-4.0.3', 'full': 'https://images.unsplash.com/photo-1606235488365-2429eee6e98c?crop=entropy&cs=srgb&fm=jpg&ixid=M3w1MzgyNzl8MHwxfGNvbGxlY3Rpb258NnxONHdET2llSUF3Z3x8fHx8Mnx8MTcwMjAwNTg5MHw&ixlib=rb-4.0.3&q=85', 'regular': 'https://images.unsplash.com/photo-1606235488365-2429eee6e98c?crop=entropy&cs=tinysrgb&fit=max&fm=jpg&ixid=M3w1MzgyNzl8MHwxfGNvbGxlY3Rpb258NnxONHdET2llSUF3Z3x8fHx8Mnx8MTcwMjAwNTg5MHw&ixlib=rb-4.0.3&q=80&w=1080', 'small': 'https://images.unsplash.com/photo-1606235488365-2429eee6e98c?crop=entropy&cs=tinysrgb&fit=max&fm=jpg&ixid=M3w1MzgyNzl8MHwxfGNvbGxlY3Rpb258NnxONHdET2llSUF3Z3x8fHx8Mnx8MTcwMjAwNTg5MHw&ixlib=rb-4.0.3&q=80&w=400', 'thumb': 'https://images.unsplash.com/photo-1606235488365-2429eee6e98c?crop=entropy&cs=tinysrgb&fit=max&fm=jpg&ixid=M3w1MzgyNzl8MHwxfGNvbGxlY3Rpb258NnxONHdET2llSUF3Z3x8fHx8Mnx8MTcwMjAwNTg5MHw&ixlib=rb-4.0.3&q=80&w=200', 'small_s3': 'https://s3.us-west-2.amazonaws.com/images.unsplash.com/small/photo-1606235488365-2429eee6e98c'}"
t5NduSIz3zU,"{'raw': 'https://images.unsplash.com/photo-1653952706137-b0feca14fe75?ixid=M3w1MzgyNzl8MHwxfGNvbGxlY3Rpb258N3xONHdET2llSUF3Z3x8fHx8Mnx8MTcwMjAwNTg5MHw&ixlib=rb-4.0.3', 'full': 'https://images.unsplash.com/photo-1653952706137-b0feca14fe75?crop=entropy&cs=srgb&fm=jpg&ixid=M3w1MzgyNzl8MHwxfGNvbGxlY3Rpb258N3xONHdET2llSUF3Z3x8fHx8Mnx8MTcwMjAwNTg5MHw&ixlib=rb-4.0.3&q=85', 'regular': 'https://images.unsplash.com/photo-1653952706137-b0feca14fe75?crop=entropy&cs=tinysrgb&fit=max&fm=jpg&ixid=M3w1MzgyNzl8MHwxfGNvbGxlY3Rpb258N3xONHdET2llSUF3Z3x8fHx8Mnx8MTcwMjAwNTg5MHw&ixlib=rb-4.0.3&q=80&w=1080', 'small': 'https://images.unsplash.com/photo-1653952706137-b0feca14fe75?crop=entropy&cs=tinysrgb&fit=max&fm=jpg&ixid=M3w1MzgyNzl8MHwxfGNvbGxlY3Rpb258N3xONHdET2llSUF3Z3x8fHx8Mnx8MTcwMjAwNTg5MHw&ixlib=rb-4.0.3&q=80&w=400', 'thumb': 'https://images.unsplash.com/photo-1653952706137-b0feca14fe75?crop=entropy&cs=tinysrgb&fit=max&fm=jpg&ixid=M3w1MzgyNzl8MHwxfGNvbGxlY3Rpb258N3xONHdET2llSUF3Z3x8fHx8Mnx8MTcwMjAwNTg5MHw&ixlib=rb-4.0.3&q=80&w=200', 'small_s3': 'https://s3.us-west-2.amazonaws.com/images.unsplash.com/small/photo-1653952706137-b0feca14fe75'}"
sDbJLrjf82k,"{'raw': 'https://images.unsplash.com/photo-1618501192901-b7e55f6852fb?ixid=M3w1MzgyNzl8MHwxfGNvbGxlY3Rpb258OHxONHdET2llSUF3Z3x8fHx8Mnx8MTcwMjAwNTg5MHw&ixlib=rb-4.0.3', 'full': 'https://images.unsplash.com/photo-1618501192901-b7e55f6852fb?crop=entropy&cs=srgb&fm=jpg&ixid=M3w1MzgyNzl8MHwxfGNvbGxlY3Rpb258OHxONHdET2llSUF3Z3x8fHx8Mnx8MTcwMjAwNTg5MHw&ixlib=rb-4.0.3&q=85', 'regular': 'https://images.unsplash.com/photo-1618501192901-b7e55f6852fb?crop=entropy&cs=tinysrgb&fit=max&fm=jpg&ixid=M3w1MzgyNzl8MHwxfGNvbGxlY3Rpb258OHxONHdET2llSUF3Z3x8fHx8Mnx8MTcwMjAwNTg5MHw&ixlib=rb-4.0.3&q=80&w=1080', 'small': 'https://images.unsplash.com/photo-1618501192901-b7e55f6852fb?crop=entropy&cs=tinysrgb&fit=max&fm=jpg&ixid=M3w1MzgyNzl8MHwxfGNvbGxlY3Rpb258OHxONHdET2llSUF3Z3x8fHx8Mnx8MTcwMjAwNTg5MHw&ixlib=rb-4.0.3&q=80&w=400', 'thumb': 'https://images.unsplash.com/photo-1618501192901-b7e55f6852fb?crop=entropy&cs=tinysrgb&fit=max&fm=jpg&ixid=M3w1MzgyNzl8MHwxfGNvbGxlY3Rpb258OHxONHdET2llSUF3Z3x8fHx8Mnx8MTcwMjAwNTg5MHw&ixlib=rb-4.0.3&q=80&w=200', 'small_s3': 'https://s3.us-west-2.amazonaws.com/images.unsplash.com/small/photo-1618501192901-b7e55f6852fb'}"
9AWqyj8hvHY,"{'raw': 'https://images.unsplash.com/photo-1618501001108-4b7b4c787df5?ixid=M3w1MzgyNzl8MHwxfGNvbGxlY3Rpb258OXxONHdET2llSUF3Z3x8fHx8Mnx8MTcwMjAwNTg5MHw&ixlib=rb-4.0.3', 'full': 'https://images.unsplash.com/photo-1618501001108-4b7b4c787df5?crop=entropy&cs=srgb&fm=jpg&ixid=M3w1MzgyNzl8MHwxfGNvbGxlY3Rpb258OXxONHdET2llSUF3Z3x8fHx8Mnx8MTcwMjAwNTg5MHw&ixlib=rb-4.0.3&q=85', 'regular': 'https://images.unsplash.com/photo-1618501001108-4b7b4c787df5?crop=entropy&cs=tinysrgb&fit=max&fm=jpg&ixid=M3w1MzgyNzl8MHwxfGNvbGxlY3Rpb258OXxONHdET2llSUF3Z3x8fHx8Mnx8MTcwMjAwNTg5MHw&ixlib=rb-4.0.3&q=80&w=1080', 'small': 'https://images.unsplash.com/photo-1618501001108-4b7b4c787df5?crop=entropy&cs=tinysrgb&fit=max&fm=jpg&ixid=M3w1MzgyNzl8MHwxfGNvbGxlY3Rpb258OXxONHdET2llSUF3Z3x8fHx8Mnx8MTcwMjAwNTg5MHw&ixlib=rb-4.0.3&q=80&w=400', 'thumb': 'https://images.unsplash.com/photo-1618501001108-4b7b4c787df5?crop=entropy&cs=tinysrgb&fit=max&fm=jpg&ixid=M3w1MzgyNzl8MHwxfGNvbGxlY3Rpb258OXxONHdET2llSUF3Z3x8fHx8Mnx8MTcwMjAwNTg5MHw&ixlib=rb-4.0.3&q=80&w=200', 'small_s3': 'https://s3.us-west-2.amazonaws.com/images.unsplash.com/small/photo-1618501001108-4b7b4c787df5'}"
o_aXSBtckOI,"{'raw': 'https://images.unsplash.com/photo-1618500843397-cb1c3f9546aa?ixid=M3w1MzgyNzl8MHwxfGNvbGxlY3Rpb258MTB8TjR3RE9pZUlBd2d8fHx8fDJ8fDE3MDIwMDU4OTB8&ixlib=rb-4.0.3', 'full': 'https://images.unsplash.com/photo-1618500843397-cb1c3f9546aa?crop=entropy&cs=srgb&fm=jpg&ixid=M3w1MzgyNzl8MHwxfGNvbGxlY3Rpb258MTB8TjR3RE9pZUlBd2d8fHx8fDJ8fDE3MDIwMDU4OTB8&ixlib=rb-4.0.3&q=85', 'regular': 'https://images.unsplash.com/photo-1618500843397-cb1c3f9546aa?crop=entropy&cs=tinysrgb&fit=max&fm=jpg&ixid=M3w1MzgyNzl8MHwxfGNvbGxlY3Rpb258MTB8TjR3RE9pZUlBd2d8fHx8fDJ8fDE3MDIwMDU4OTB8&ixlib=rb-4.0.3&q=80&w=1080', 'small': 'https://images.unsplash.com/photo-1618500843397-cb1c3f9546aa?crop=entropy&cs=tinysrgb&fit=max&fm=jpg&ixid=M3w1MzgyNzl8MHwxfGNvbGxlY3Rpb258MTB8TjR3RE9pZUlBd2d8fHx8fDJ8fDE3MDIwMDU4OTB8&ixlib=rb-4.0.3&q=80&w=400', 'thumb': 'https://images.unsplash.com/photo-1618500843397-cb1c3f9546aa?crop=entropy&cs=tinysrgb&fit=max&fm=jpg&ixid=M3w1MzgyNzl8MHwxfGNvbGxlY3Rpb258MTB8TjR3RE9pZUlBd2d8fHx8fDJ8fDE3MDIwMDU4OTB8&ixlib=rb-4.0.3&q=80&w=200', 'small_s3': 'https://s3.us-west-2.amazonaws.com/images.unsplash.com/small/photo-1618500843397-cb1c3f9546aa'}"
0SHhDa7JS1c,"{'raw': 'https://images.unsplash.com/photo-1633966491906-728c884f62fa?ixid=M3w1MzgyNzl8MHwxfGNvbGxlY3Rpb258MTF8TjR3RE9pZUlBd2d8fHx8fDJ8fDE3MDIwMDU4OTB8&ixlib=rb-4.0.3', 'full': 'https://images.unsplash.com/photo-1633966491906-728c884f62fa?crop=entropy&cs=srgb&fm=jpg&ixid=M3w1MzgyNzl8MHwxfGNvbGxlY3Rpb258MTF8TjR3RE9pZUlBd2d8fHx8fDJ8fDE3MDIwMDU4OTB8&ixlib=rb-4.0.3&q=85', 'regular': 'https://images.unsplash.com/photo-1633966491906-728c884f62fa?crop=entropy&cs=tinysrgb&fit=max&fm=jpg&ixid=M3w1MzgyNzl8MHwxfGNvbGxlY3Rpb258MTF8TjR3RE9pZUlBd2d8fHx8fDJ8fDE3MDIwMDU4OTB8&ixlib=rb-4.0.3&q=80&w=1080', 'small': 'https://images.unsplash.com/photo-1633966491906-728c884f62fa?crop=entropy&cs=tinysrgb&fit=max&fm=jpg&ixid=M3w1MzgyNzl8MHwxfGNvbGxlY3Rpb258MTF8TjR3RE9pZUlBd2d8fHx8fDJ8fDE3MDIwMDU4OTB8&ixlib=rb-4.0.3&q=80&w=400', 'thumb': 'https://images.unsplash.com/photo-1633966491906-728c884f62fa?crop=entropy&cs=tinysrgb&fit=max&fm=jpg&ixid=M3w1MzgyNzl8MHwxfGNvbGxlY3Rpb258MTF8TjR3RE9pZUlBd2d8fHx8fDJ8fDE3MDIwMDU4OTB8&ixlib=rb-4.0.3&q=80&w=200', 'small_s3': 'https://s3.us-west-2.amazonaws.com/images.unsplash.com/small/photo-1633966491906-728c884f62fa'}"
gACglZBJG-8,"{'raw': 'https://images.unsplash.com/photo-1572853974287-e3e8d4964388?ixid=M3w1MzgyNzl8MHwxfGNvbGxlY3Rpb258MTJ8TjR3RE9pZUlBd2d8fHx8fDJ8fDE3MDIwMDU4OTB8&ixlib=rb-4.0.3', 'full': 'https://images.unsplash.com/photo-1572853974287-e3e8d4964388?crop=entropy&cs=srgb&fm=jpg&ixid=M3w1MzgyNzl8MHwxfGNvbGxlY3Rpb258MTJ8TjR3RE9pZUlBd2d8fHx8fDJ8fDE3MDIwMDU4OTB8&ixlib=rb-4.0.3&q=85', 'regular': 'https://images.unsplash.com/photo-1572853974287-e3e8d4964388?crop=entropy&cs=tinysrgb&fit=max&fm=jpg&ixid=M3w1MzgyNzl8MHwxfGNvbGxlY3Rpb258MTJ8TjR3RE9pZUlBd2d8fHx8fDJ8fDE3MDIwMDU4OTB8&ixlib=rb-4.0.3&q=80&w=1080', 'small': 'https://images.unsplash.com/photo-1572853974287-e3e8d4964388?crop=entropy&cs=tinysrgb&fit=max&fm=jpg&ixid=M3w1MzgyNzl8MHwxfGNvbGxlY3Rpb258MTJ8TjR3RE9pZUlBd2d8fHx8fDJ8fDE3MDIwMDU4OTB8&ixlib=rb-4.0.3&q=80&w=400', 'thumb': 'https://images.unsplash.com/photo-1572853974287-e3e8d4964388?crop=entropy&cs=tinysrgb&fit=max&fm=jpg&ixid=M3w1MzgyNzl8MHwxfGNvbGxlY3Rpb258MTJ8TjR3RE9pZUlBd2d8fHx8fDJ8fDE3MDIwMDU4OTB8&ixlib=rb-4.0.3&q=80&w=200', 'small_s3': 'https://s3.us-west-2.amazonaws.com/images.unsplash.com/small/photo-1572853974287-e3e8d4964388'}"
Bi-NQY_7QC4,"{'raw': 'https://images.unsplash.com/photo-1633966491793-36d736046ea1?ixid=M3w1MzgyNzl8MHwxfGNvbGxlY3Rpb258MTN8TjR3RE9pZUlBd2d8fHx8fDJ8fDE3MDIwMDU4OTB8&ixlib=rb-4.0.3', 'full': 'https://images.unsplash.com/photo-1633966491793-36d736046ea1?crop=entropy&cs=srgb&fm=jpg&ixid=M3w1MzgyNzl8MHwxfGNvbGxlY3Rpb258MTN8TjR3RE9pZUlBd2d8fHx8fDJ8fDE3MDIwMDU4OTB8&ixlib=rb-4.0.3&q=85', 'regular': 'https://images.unsplash.com/photo-1633966491793-36d736046ea1?crop=entropy&cs=tinysrgb&fit=max&fm=jpg&ixid=M3w1MzgyNzl8MHwxfGNvbGxlY3Rpb258MTN8TjR3RE9pZUlBd2d8fHx8fDJ8fDE3MDIwMDU4OTB8&ixlib=rb-4.0.3&q=80&w=1080', 'small': 'https://images.unsplash.com/photo-1633966491793-36d736046ea1?crop=entropy&cs=tinysrgb&fit=max&fm=jpg&ixid=M3w1MzgyNzl8MHwxfGNvbGxlY3Rpb258MTN8TjR3RE9pZUlBd2d8fHx8fDJ8fDE3MDIwMDU4OTB8&ixlib=rb-4.0.3&q=80&w=400', 'thumb': 'https://images.unsplash.com/photo-1633966491793-36d736046ea1?crop=entropy&cs=tinysrgb&fit=max&fm=jpg&ixid=M3w1MzgyNzl8MHwxfGNvbGxlY3Rpb258MTN8TjR3RE9pZUlBd2d8fHx8fDJ8fDE3MDIwMDU4OTB8&ixlib=rb-4.0.3&q=80&w=200', 'small_s3': 'https://s3.us-west-2.amazonaws.com/images.unsplash.com/small/photo-1633966491793-36d736046ea1'}"
vUVKyiuEK6w,"{'raw': 'https://images.unsplash.com/photo-1587257425343-d4d7f2ee2a83?ixid=M3w1MzgyNzl8MHwxfGNvbGxlY3Rpb258MTR8TjR3RE9pZUlBd2d8fHx8fDJ8fDE3MDIwMDU4OTB8&ixlib=rb-4.0.3', 'full': 'https://images.unsplash.com/photo-1587257425343-d4d7f2ee2a83?crop=entropy&cs=srgb&fm=jpg&ixid=M3w1MzgyNzl8MHwxfGNvbGxlY3Rpb258MTR8TjR3RE9pZUlBd2d8fHx8fDJ8fDE3MDIwMDU4OTB8&ixlib=rb-4.0.3&q=85', 'regular': 'https://images.unsplash.com/photo-1587257425343-d4d7f2ee2a83?crop=entropy&cs=tinysrgb&fit=max&fm=jpg&ixid=M3w1MzgyNzl8MHwxfGNvbGxlY3Rpb258MTR8TjR3RE9pZUlBd2d8fHx8fDJ8fDE3MDIwMDU4OTB8&ixlib=rb-4.0.3&q=80&w=1080', 'small': 'https://images.unsplash.com/photo-1587257425343-d4d7f2ee2a83?crop=entropy&cs=tinysrgb&fit=max&fm=jpg&ixid=M3w1MzgyNzl8MHwxfGNvbGxlY3Rpb258MTR8TjR3RE9pZUlBd2d8fHx8fDJ8fDE3MDIwMDU4OTB8&ixlib=rb-4.0.3&q=80&w=400', 'thumb': 'https://images.unsplash.com/photo-1587257425343-d4d7f2ee2a83?crop=entropy&cs=tinysrgb&fit=max&fm=jpg&ixid=M3w1MzgyNzl8MHwxfGNvbGxlY3Rpb258MTR8TjR3RE9pZUlBd2d8fHx8fDJ8fDE3MDIwMDU4OTB8&ixlib=rb-4.0.3&q=80&w=200', 'small_s3': 'https://s3.us-west-2.amazonaws.com/images.unsplash.com/small/photo-1587257425343-d4d7f2ee2a83'}"
bzXLV93YL2k,"{'raw': 'https://images.unsplash.com/photo-1594299322029-e5123142e833?ixid=M3w1MzgyNzl8MHwxfGNvbGxlY3Rpb258MTV8TjR3RE9pZUlBd2d8fHx8fDJ8fDE3MDIwMDU4OTB8&ixlib=rb-4.0.3', 'full': 'https://images.unsplash.com/photo-1594299322029-e5123142e833?crop=entropy&cs=srgb&fm=jpg&ixid=M3w1MzgyNzl8MHwxfGNvbGxlY3Rpb258MTV8TjR3RE9pZUlBd2d8fHx8fDJ8fDE3MDIwMDU4OTB8&ixlib=rb-4.0.3&q=85', 'regular': 'https://images.unsplash.com/photo-1594299322029-e5123142e833?crop=entropy&cs=tinysrgb&fit=max&fm=jpg&ixid=M3w1MzgyNzl8MHwxfGNvbGxlY3Rpb258MTV8TjR3RE9pZUlBd2d8fHx8fDJ8fDE3MDIwMDU4OTB8&ixlib=rb-4.0.3&q=80&w=1080', 'small': 'https://images.unsplash.com/photo-1594299322029-e5123142e833?crop=entropy&cs=tinysrgb&fit=max&fm=jpg&ixid=M3w1MzgyNzl8MHwxfGNvbGxlY3Rpb258MTV8TjR3RE9pZUlBd2d8fHx8fDJ8fDE3MDIwMDU4OTB8&ixlib=rb-4.0.3&q=80&w=400', 'thumb': 'https://images.unsplash.com/photo-1594299322029-e5123142e833?crop=entropy&cs=tinysrgb&fit=max&fm=jpg&ixid=M3w1MzgyNzl8MHwxfGNvbGxlY3Rpb258MTV8TjR3RE9pZUlBd2d8fHx8fDJ8fDE3MDIwMDU4OTB8&ixlib=rb-4.0.3&q=80&w=200', 'small_s3': 'https://s3.us-west-2.amazonaws.com/images.unsplash.com/small/photo-1594299322029-e5123142e833'}"
GmfmtLEWvP8,"{'raw': 'https://images.unsplash.com/photo-1643673917444-43f38749c097?ixid=M3w1MzgyNzl8MHwxfGNvbGxlY3Rpb258MTZ8TjR3RE9pZUlBd2d8fHx8fDJ8fDE3MDIwMDU4OTB8&ixlib=rb-4.0.3', 'full': 'https://images.unsplash.com/photo-1643673917444-43f38749c097?crop=entropy&cs=srgb&fm=jpg&ixid=M3w1MzgyNzl8MHwxfGNvbGxlY3Rpb258MTZ8TjR3RE9pZUlBd2d8fHx8fDJ8fDE3MDIwMDU4OTB8&ixlib=rb-4.0.3&q=85', 'regular': 'https://images.unsplash.com/photo-1643673917444-43f38749c097?crop=entropy&cs=tinysrgb&fit=max&fm=jpg&ixid=M3w1MzgyNzl8MHwxfGNvbGxlY3Rpb258MTZ8TjR3RE9pZUlBd2d8fHx8fDJ8fDE3MDIwMDU4OTB8&ixlib=rb-4.0.3&q=80&w=1080', 'small': 'https://images.unsplash.com/photo-1643673917444-43f38749c097?crop=entropy&cs=tinysrgb&fit=max&fm=jpg&ixid=M3w1MzgyNzl8MHwxfGNvbGxlY3Rpb258MTZ8TjR3RE9pZUlBd2d8fHx8fDJ8fDE3MDIwMDU4OTB8&ixlib=rb-4.0.3&q=80&w=400', 'thumb': 'https://images.unsplash.com/photo-1643673917444-43f38749c097?crop=entropy&cs=tinysrgb&fit=max&fm=jpg&ixid=M3w1MzgyNzl8MHwxfGNvbGxlY3Rpb258MTZ8TjR3RE9pZUlBd2d8fHx8fDJ8fDE3MDIwMDU4OTB8&ixlib=rb-4.0.3&q=80&w=200', 'small_s3': 'https://s3.us-west-2.amazonaws.com/images.unsplash.com/small/photo-1643673917444-43f38749c097'}"
dXptl5DSZjw,"{'raw': 'https://images.unsplash.com/photo-1587257425267-ef59baaa2979?ixid=M3w1MzgyNzl8MHwxfGNvbGxlY3Rpb258MTd8TjR3RE9pZUlBd2d8fHx8fDJ8fDE3MDIwMDU4OTB8&ixlib=rb-4.0.3', 'full': 'https://images.unsplash.com/photo-1587257425267-ef59baaa2979?crop=entropy&cs=srgb&fm=jpg&ixid=M3w1MzgyNzl8MHwxfGNvbGxlY3Rpb258MTd8TjR3RE9pZUlBd2d8fHx8fDJ8fDE3MDIwMDU4OTB8&ixlib=rb-4.0.3&q=85', 'regular': 'https://images.unsplash.com/photo-1587257425267-ef59baaa2979?crop=entropy&cs=tinysrgb&fit=max&fm=jpg&ixid=M3w1MzgyNzl8MHwxfGNvbGxlY3Rpb258MTd8TjR3RE9pZUlBd2d8fHx8fDJ8fDE3MDIwMDU4OTB8&ixlib=rb-4.0.3&q=80&w=1080', 'small': 'https://images.unsplash.com/photo-1587257425267-ef59baaa2979?crop=entropy&cs=tinysrgb&fit=max&fm=jpg&ixid=M3w1MzgyNzl8MHwxfGNvbGxlY3Rpb258MTd8TjR3RE9pZUlBd2d8fHx8fDJ8fDE3MDIwMDU4OTB8&ixlib=rb-4.0.3&q=80&w=400', 'thumb': 'https://images.unsplash.com/photo-1587257425267-ef59baaa2979?crop=entropy&cs=tinysrgb&fit=max&fm=jpg&ixid=M3w1MzgyNzl8MHwxfGNvbGxlY3Rpb258MTd8TjR3RE9pZUlBd2d8fHx8fDJ8fDE3MDIwMDU4OTB8&ixlib=rb-4.0.3&q=80&w=200', 'small_s3': 'https://s3.us-west-2.amazonaws.com/images.unsplash.com/small/photo-1587257425267-ef59baaa2979'}"
6V9YVAnHTJc,"{'raw': 'https://images.unsplash.com/photo-1694371390016-4e63941aec13?ixid=M3w1MzgyNzl8MHwxfGNvbGxlY3Rpb258MTh8TjR3RE9pZUlBd2d8fHx8fDJ8fDE3MDIwMDU4OTB8&ixlib=rb-4.0.3', 'full': 'https://images.unsplash.com/photo-1694371390016-4e63941aec13?crop=entropy&cs=srgb&fm=jpg&ixid=M3w1MzgyNzl8MHwxfGNvbGxlY3Rpb258MTh8TjR3RE9pZUlBd2d8fHx8fDJ8fDE3MDIwMDU4OTB8&ixlib=rb-4.0.3&q=85', 'regular': 'https://images.unsplash.com/photo-1694371390016-4e63941aec13?crop=entropy&cs=tinysrgb&fit=max&fm=jpg&ixid=M3w1MzgyNzl8MHwxfGNvbGxlY3Rpb258MTh8TjR3RE9pZUlBd2d8fHx8fDJ8fDE3MDIwMDU4OTB8&ixlib=rb-4.0.3&q=80&w=1080', 'small': 'https://images.unsplash.com/photo-1694371390016-4e63941aec13?crop=entropy&cs=tinysrgb&fit=max&fm=jpg&ixid=M3w1MzgyNzl8MHwxfGNvbGxlY3Rpb258MTh8TjR3RE9pZUlBd2d8fHx8fDJ8fDE3MDIwMDU4OTB8&ixlib=rb-4.0.3&q=80&w=400', 'thumb': 'https://images.unsplash.com/photo-1694371390016-4e63941aec13?crop=entropy&cs=tinysrgb&fit=max&fm=jpg&ixid=M3w1MzgyNzl8MHwxfGNvbGxlY3Rpb258MTh8TjR3RE9pZUlBd2d8fHx8fDJ8fDE3MDIwMDU4OTB8&ixlib=rb-4.0.3&q=80&w=200', 'small_s3': 'https://s3.us-west-2.amazonaws.com/images.unsplash.com/small/photo-1694371390016-4e63941aec13'}"
Sr7f7XA1gmo,"{'raw': 'https://images.unsplash.com/photo-1643054159199-46560f98c2f0?ixid=M3w1MzgyNzl8MHwxfGNvbGxlY3Rpb258MTl8TjR3RE9pZUlBd2d8fHx8fDJ8fDE3MDIwMDU4OTB8&ixlib=rb-4.0.3', 'full': 'https://images.unsplash.com/photo-1643054159199-46560f98c2f0?crop=entropy&cs=srgb&fm=jpg&ixid=M3w1MzgyNzl8MHwxfGNvbGxlY3Rpb258MTl8TjR3RE9pZUlBd2d8fHx8fDJ8fDE3MDIwMDU4OTB8&ixlib=rb-4.0.3&q=85', 'regular': 'https://images.unsplash.com/photo-1643054159199-46560f98c2f0?crop=entropy&cs=tinysrgb&fit=max&fm=jpg&ixid=M3w1MzgyNzl8MHwxfGNvbGxlY3Rpb258MTl8TjR3RE9pZUlBd2d8fHx8fDJ8fDE3MDIwMDU4OTB8&ixlib=rb-4.0.3&q=80&w=1080', 'small': 'https://images.unsplash.com/photo-1643054159199-46560f98c2f0?crop=entropy&cs=tinysrgb&fit=max&fm=jpg&ixid=M3w1MzgyNzl8MHwxfGNvbGxlY3Rpb258MTl8TjR3RE9pZUlBd2d8fHx8fDJ8fDE3MDIwMDU4OTB8&ixlib=rb-4.0.3&q=80&w=400', 'thumb': 'https://images.unsplash.com/photo-1643054159199-46560f98c2f0?crop=entropy&cs=tinysrgb&fit=max&fm=jpg&ixid=M3w1MzgyNzl8MHwxfGNvbGxlY3Rpb258MTl8TjR3RE9pZUlBd2d8fHx8fDJ8fDE3MDIwMDU4OTB8&ixlib=rb-4.0.3&q=80&w=200', 'small_s3': 'https://s3.us-west-2.amazonaws.com/images.unsplash.com/small/photo-1643054159199-46560f98c2f0'}"
_tAV1ay0v7w,"{'raw': 'https://images.unsplash.com/photo-1643302412006-23ffa9022ee0?ixid=M3w1MzgyNzl8MHwxfGNvbGxlY3Rpb258MjB8TjR3RE9pZUlBd2d8fHx8fDJ8fDE3MDIwMDU4OTB8&ixlib=rb-4.0.3', 'full': 'https://images.unsplash.com/photo-1643302412006-23ffa9022ee0?crop=entropy&cs=srgb&fm=jpg&ixid=M3w1MzgyNzl8MHwxfGNvbGxlY3Rpb258MjB8TjR3RE9pZUlBd2d8fHx8fDJ8fDE3MDIwMDU4OTB8&ixlib=rb-4.0.3&q=85', 'regular': 'https://images.unsplash.com/photo-1643302412006-23ffa9022ee0?crop=entropy&cs=tinysrgb&fit=max&fm=jpg&ixid=M3w1MzgyNzl8MHwxfGNvbGxlY3Rpb258MjB8TjR3RE9pZUlBd2d8fHx8fDJ8fDE3MDIwMDU4OTB8&ixlib=rb-4.0.3&q=80&w=1080', 'small': 'https://images.unsplash.com/photo-1643302412006-23ffa9022ee0?crop=entropy&cs=tinysrgb&fit=max&fm=jpg&ixid=M3w1MzgyNzl8MHwxfGNvbGxlY3Rpb258MjB8TjR3RE9pZUlBd2d8fHx8fDJ8fDE3MDIwMDU4OTB8&ixlib=rb-4.0.3&q=80&w=400', 'thumb': 'https://images.unsplash.com/photo-1643302412006-23ffa9022ee0?crop=entropy&cs=tinysrgb&fit=max&fm=jpg&ixid=M3w1MzgyNzl8MHwxfGNvbGxlY3Rpb258MjB8TjR3RE9pZUlBd2d8fHx8fDJ8fDE3MDIwMDU4OTB8&ixlib=rb-4.0.3&q=80&w=200', 'small_s3': 'https://s3.us-west-2.amazonaws.com/images.unsplash.com/small/photo-1643302412006-23ffa9022ee0'}"
W_o1vBCv8DY,"{'raw': 'https://images.unsplash.com/photo-1660670172913-49b0874d00a7?ixid=M3w1MzgyNzl8MHwxfGNvbGxlY3Rpb258MjF8TjR3RE9pZUlBd2d8fHx8fDJ8fDE3MDIwMDU4OTB8&ixlib=rb-4.0.3', 'full': 'https://images.unsplash.com/photo-1660670172913-49b0874d00a7?crop=entropy&cs=srgb&fm=jpg&ixid=M3w1MzgyNzl8MHwxfGNvbGxlY3Rpb258MjF8TjR3RE9pZUlBd2d8fHx8fDJ8fDE3MDIwMDU4OTB8&ixlib=rb-4.0.3&q=85', 'regular': 'https://images.unsplash.com/photo-1660670172913-49b0874d00a7?crop=entropy&cs=tinysrgb&fit=max&fm=jpg&ixid=M3w1MzgyNzl8MHwxfGNvbGxlY3Rpb258MjF8TjR3RE9pZUlBd2d8fHx8fDJ8fDE3MDIwMDU4OTB8&ixlib=rb-4.0.3&q=80&w=1080', 'small': 'https://images.unsplash.com/photo-1660670172913-49b0874d00a7?crop=entropy&cs=tinysrgb&fit=max&fm=jpg&ixid=M3w1MzgyNzl8MHwxfGNvbGxlY3Rpb258MjF8TjR3RE9pZUlBd2d8fHx8fDJ8fDE3MDIwMDU4OTB8&ixlib=rb-4.0.3&q=80&w=400', 'thumb': 'https://images.unsplash.com/photo-1660670172913-49b0874d00a7?crop=entropy&cs=tinysrgb&fit=max&fm=jpg&ixid=M3w1MzgyNzl8MHwxfGNvbGxlY3Rpb258MjF8TjR3RE9pZUlBd2d8fHx8fDJ8fDE3MDIwMDU4OTB8&ixlib=rb-4.0.3&q=80&w=200', 'small_s3': 'https://s3.us-west-2.amazonaws.com/images.unsplash.com/small/photo-1660670172913-49b0874d00a7'}"
JnotWdUYJrc,"{'raw': 'https://images.unsplash.com/photo-1693691408046-a790576d2402?ixid=M3w1MzgyNzl8MHwxfGNvbGxlY3Rpb258MjJ8TjR3RE9pZUlBd2d8fHx8fDJ8fDE3MDIwMDU4OTB8&ixlib=rb-4.0.3', 'full': 'https://images.unsplash.com/photo-1693691408046-a790576d2402?crop=entropy&cs=srgb&fm=jpg&ixid=M3w1MzgyNzl8MHwxfGNvbGxlY3Rpb258MjJ8TjR3RE9pZUlBd2d8fHx8fDJ8fDE3MDIwMDU4OTB8&ixlib=rb-4.0.3&q=85', 'regular': 'https://images.unsplash.com/photo-1693691408046-a790576d2402?crop=entropy&cs=tinysrgb&fit=max&fm=jpg&ixid=M3w1MzgyNzl8MHwxfGNvbGxlY3Rpb258MjJ8TjR3RE9pZUlBd2d8fHx8fDJ8fDE3MDIwMDU4OTB8&ixlib=rb-4.0.3&q=80&w=1080', 'small': 'https://images.unsplash.com/photo-1693691408046-a790576d2402?crop=entropy&cs=tinysrgb&fit=max&fm=jpg&ixid=M3w1MzgyNzl8MHwxfGNvbGxlY3Rpb258MjJ8TjR3RE9pZUlBd2d8fHx8fDJ8fDE3MDIwMDU4OTB8&ixlib=rb-4.0.3&q=80&w=400', 'thumb': 'https://images.unsplash.com/photo-1693691408046-a790576d2402?crop=entropy&cs=tinysrgb&fit=max&fm=jpg&ixid=M3w1MzgyNzl8MHwxfGNvbGxlY3Rpb258MjJ8TjR3RE9pZUlBd2d8fHx8fDJ8fDE3MDIwMDU4OTB8&ixlib=rb-4.0.3&q=80&w=200', 'small_s3': 'https://s3.us-west-2.amazonaws.com/images.unsplash.com/small/photo-1693691408046-a790576d2402'}"
n3nP3Sdy8tI,"{'raw': 'https://images.unsplash.com/photo-1657682614301-bd4e60641327?ixid=M3w1MzgyNzl8MHwxfGNvbGxlY3Rpb258MjN8TjR3RE9pZUlBd2d8fHx8fDJ8fDE3MDIwMDU4OTB8&ixlib=rb-4.0.3', 'full': 'https://images.unsplash.com/photo-1657682614301-bd4e60641327?crop=entropy&cs=srgb&fm=jpg&ixid=M3w1MzgyNzl8MHwxfGNvbGxlY3Rpb258MjN8TjR3RE9pZUlBd2d8fHx8fDJ8fDE3MDIwMDU4OTB8&ixlib=rb-4.0.3&q=85', 'regular': 'https://images.unsplash.com/photo-1657682614301-bd4e60641327?crop=entropy&cs=tinysrgb&fit=max&fm=jpg&ixid=M3w1MzgyNzl8MHwxfGNvbGxlY3Rpb258MjN8TjR3RE9pZUlBd2d8fHx8fDJ8fDE3MDIwMDU4OTB8&ixlib=rb-4.0.3&q=80&w=1080', 'small': 'https://images.unsplash.com/photo-1657682614301-bd4e60641327?crop=entropy&cs=tinysrgb&fit=max&fm=jpg&ixid=M3w1MzgyNzl8MHwxfGNvbGxlY3Rpb258MjN8TjR3RE9pZUlBd2d8fHx8fDJ8fDE3MDIwMDU4OTB8&ixlib=rb-4.0.3&q=80&w=400', 'thumb': 'https://images.unsplash.com/photo-1657682614301-bd4e60641327?crop=entropy&cs=tinysrgb&fit=max&fm=jpg&ixid=M3w1MzgyNzl8MHwxfGNvbGxlY3Rpb258MjN8TjR3RE9pZUlBd2d8fHx8fDJ8fDE3MDIwMDU4OTB8&ixlib=rb-4.0.3&q=80&w=200', 'small_s3': 'https://s3.us-west-2.amazonaws.com/images.unsplash.com/small/photo-1657682614301-bd4e60641327'}"
FnBijp-mvYA,"{'raw': 'https://images.unsplash.com/photo-1676938777385-062c6991d835?ixid=M3w1MzgyNzl8MHwxfGNvbGxlY3Rpb258MjR8TjR3RE9pZUlBd2d8fHx8fDJ8fDE3MDIwMDU4OTB8&ixlib=rb-4.0.3', 'full': 'https://images.unsplash.com/photo-1676938777385-062c6991d835?crop=entropy&cs=srgb&fm=jpg&ixid=M3w1MzgyNzl8MHwxfGNvbGxlY3Rpb258MjR8TjR3RE9pZUlBd2d8fHx8fDJ8fDE3MDIwMDU4OTB8&ixlib=rb-4.0.3&q=85', 'regular': 'https://images.unsplash.com/photo-1676938777385-062c6991d835?crop=entropy&cs=tinysrgb&fit=max&fm=jpg&ixid=M3w1MzgyNzl8MHwxfGNvbGxlY3Rpb258MjR8TjR3RE9pZUlBd2d8fHx8fDJ8fDE3MDIwMDU4OTB8&ixlib=rb-4.0.3&q=80&w=1080', 'small': 'https://images.unsplash.com/photo-1676938777385-062c6991d835?crop=entropy&cs=tinysrgb&fit=max&fm=jpg&ixid=M3w1MzgyNzl8MHwxfGNvbGxlY3Rpb258MjR8TjR3RE9pZUlBd2d8fHx8fDJ8fDE3MDIwMDU4OTB8&ixlib=rb-4.0.3&q=80&w=400', 'thumb': 'https://images.unsplash.com/photo-1676938777385-062c6991d835?crop=entropy&cs=tinysrgb&fit=max&fm=jpg&ixid=M3w1MzgyNzl8MHwxfGNvbGxlY3Rpb258MjR8TjR3RE9pZUlBd2d8fHx8fDJ8fDE3MDIwMDU4OTB8&ixlib=rb-4.0.3&q=80&w=200', 'small_s3': 'https://s3.us-west-2.amazonaws.com/images.unsplash.com/small/photo-1676938777385-062c6991d835'}"
87Bm-w4J0bc,"{'raw': 'https://images.unsplash.com/photo-1694206078595-460a3ec27772?ixid=M3w1MzgyNzl8MHwxfGNvbGxlY3Rpb258MjV8TjR3RE9pZUlBd2d8fHx8fDJ8fDE3MDIwMDU4OTB8&ixlib=rb-4.0.3', 'full': 'https://images.unsplash.com/photo-1694206078595-460a3ec27772?crop=entropy&cs=srgb&fm=jpg&ixid=M3w1MzgyNzl8MHwxfGNvbGxlY3Rpb258MjV8TjR3RE9pZUlBd2d8fHx8fDJ8fDE3MDIwMDU4OTB8&ixlib=rb-4.0.3&q=85', 'regular': 'https://images.unsplash.com/photo-1694206078595-460a3ec27772?crop=entropy&cs=tinysrgb&fit=max&fm=jpg&ixid=M3w1MzgyNzl8MHwxfGNvbGxlY3Rpb258MjV8TjR3RE9pZUlBd2d8fHx8fDJ8fDE3MDIwMDU4OTB8&ixlib=rb-4.0.3&q=80&w=1080', 'small': 'https://images.unsplash.com/photo-1694206078595-460a3ec27772?crop=entropy&cs=tinysrgb&fit=max&fm=jpg&ixid=M3w1MzgyNzl8MHwxfGNvbGxlY3Rpb258MjV8TjR3RE9pZUlBd2d8fHx8fDJ8fDE3MDIwMDU4OTB8&ixlib=rb-4.0.3&q=80&w=400', 'thumb': 'https://images.unsplash.com/photo-1694206078595-460a3ec27772?crop=entropy&cs=tinysrgb&fit=max&fm=jpg&ixid=M3w1MzgyNzl8MHwxfGNvbGxlY3Rpb258MjV8TjR3RE9pZUlBd2d8fHx8fDJ8fDE3MDIwMDU4OTB8&ixlib=rb-4.0.3&q=80&w=200', 'small_s3': 'https://s3.us-west-2.amazonaws.com/images.unsplash.com/small/photo-1694206078595-460a3ec27772'}"
Yyv1QsaUIFs,"{'raw': 'https://images.unsplash.com/photo-1502284046200-66b65ce0fe26?ixid=M3w1MzgyNzl8MHwxfGNvbGxlY3Rpb258MjZ8TjR3RE9pZUlBd2d8fHx8fDJ8fDE3MDIwMDU4OTB8&ixlib=rb-4.0.3', 'full': 'https://images.unsplash.com/photo-1502284046200-66b65ce0fe26?crop=entropy&cs=srgb&fm=jpg&ixid=M3w1MzgyNzl8MHwxfGNvbGxlY3Rpb258MjZ8TjR3RE9pZUlBd2d8fHx8fDJ8fDE3MDIwMDU4OTB8&ixlib=rb-4.0.3&q=85', 'regular': 'https://images.unsplash.com/photo-1502284046200-66b65ce0fe26?crop=entropy&cs=tinysrgb&fit=max&fm=jpg&ixid=M3w1MzgyNzl8MHwxfGNvbGxlY3Rpb258MjZ8TjR3RE9pZUlBd2d8fHx8fDJ8fDE3MDIwMDU4OTB8&ixlib=rb-4.0.3&q=80&w=1080', 'small': 'https://images.unsplash.com/photo-1502284046200-66b65ce0fe26?crop=entropy&cs=tinysrgb&fit=max&fm=jpg&ixid=M3w1MzgyNzl8MHwxfGNvbGxlY3Rpb258MjZ8TjR3RE9pZUlBd2d8fHx8fDJ8fDE3MDIwMDU4OTB8&ixlib=rb-4.0.3&q=80&w=400', 'thumb': 'https://images.unsplash.com/photo-1502284046200-66b65ce0fe26?crop=entropy&cs=tinysrgb&fit=max&fm=jpg&ixid=M3w1MzgyNzl8MHwxfGNvbGxlY3Rpb258MjZ8TjR3RE9pZUlBd2d8fHx8fDJ8fDE3MDIwMDU4OTB8&ixlib=rb-4.0.3&q=80&w=200', 'small_s3': 'https://s3.us-west-2.amazonaws.com/images.unsplash.com/small/photo-1502284046200-66b65ce0fe26'}"
A24aX-QwTZk,"{'raw': 'https://images.unsplash.com/photo-1534883274284-e49c17e8b345?ixid=M3w1MzgyNzl8MHwxfGNvbGxlY3Rpb258Mjd8TjR3RE9pZUlBd2d8fHx8fDJ8fDE3MDIwMDU4OTB8&ixlib=rb-4.0.3', 'full': 'https://images.unsplash.com/photo-1534883274284-e49c17e8b345?crop=entropy&cs=srgb&fm=jpg&ixid=M3w1MzgyNzl8MHwxfGNvbGxlY3Rpb258Mjd8TjR3RE9pZUlBd2d8fHx8fDJ8fDE3MDIwMDU4OTB8&ixlib=rb-4.0.3&q=85', 'regular': 'https://images.unsplash.com/photo-1534883274284-e49c17e8b345?crop=entropy&cs=tinysrgb&fit=max&fm=jpg&ixid=M3w1MzgyNzl8MHwxfGNvbGxlY3Rpb258Mjd8TjR3RE9pZUlBd2d8fHx8fDJ8fDE3MDIwMDU4OTB8&ixlib=rb-4.0.3&q=80&w=1080', 'small': 'https://images.unsplash.com/photo-1534883274284-e49c17e8b345?crop=entropy&cs=tinysrgb&fit=max&fm=jpg&ixid=M3w1MzgyNzl8MHwxfGNvbGxlY3Rpb258Mjd8TjR3RE9pZUlBd2d8fHx8fDJ8fDE3MDIwMDU4OTB8&ixlib=rb-4.0.3&q=80&w=400', 'thumb': 'https://images.unsplash.com/photo-1534883274284-e49c17e8b345?crop=entropy&cs=tinysrgb&fit=max&fm=jpg&ixid=M3w1MzgyNzl8MHwxfGNvbGxlY3Rpb258Mjd8TjR3RE9pZUlBd2d8fHx8fDJ8fDE3MDIwMDU4OTB8&ixlib=rb-4.0.3&q=80&w=200', 'small_s3': 'https://s3.us-west-2.amazonaws.com/images.unsplash.com/small/photo-1534883274284-e49c17e8b345'}"
dqK7o2FVpOE,"{'raw': 'https://images.unsplash.com/photo-1676938778322-57737ef5c8ed?ixid=M3w1MzgyNzl8MHwxfGNvbGxlY3Rpb258Mjh8TjR3RE9pZUlBd2d8fHx8fDJ8fDE3MDIwMDU4OTB8&ixlib=rb-4.0.3', 'full': 'https://images.unsplash.com/photo-1676938778322-57737ef5c8ed?crop=entropy&cs=srgb&fm=jpg&ixid=M3w1MzgyNzl8MHwxfGNvbGxlY3Rpb258Mjh8TjR3RE9pZUlBd2d8fHx8fDJ8fDE3MDIwMDU4OTB8&ixlib=rb-4.0.3&q=85', 'regular': 'https://images.unsplash.com/photo-1676938778322-57737ef5c8ed?crop=entropy&cs=tinysrgb&fit=max&fm=jpg&ixid=M3w1MzgyNzl8MHwxfGNvbGxlY3Rpb258Mjh8TjR3RE9pZUlBd2d8fHx8fDJ8fDE3MDIwMDU4OTB8&ixlib=rb-4.0.3&q=80&w=1080', 'small': 'https://images.unsplash.com/photo-1676938778322-57737ef5c8ed?crop=entropy&cs=tinysrgb&fit=max&fm=jpg&ixid=M3w1MzgyNzl8MHwxfGNvbGxlY3Rpb258Mjh8TjR3RE9pZUlBd2d8fHx8fDJ8fDE3MDIwMDU4OTB8&ixlib=rb-4.0.3&q=80&w=400', 'thumb': 'https://images.unsplash.com/photo-1676938778322-57737ef5c8ed?crop=entropy&cs=tinysrgb&fit=max&fm=jpg&ixid=M3w1MzgyNzl8MHwxfGNvbGxlY3Rpb258Mjh8TjR3RE9pZUlBd2d8fHx8fDJ8fDE3MDIwMDU4OTB8&ixlib=rb-4.0.3&q=80&w=200', 'small_s3': 'https://s3.us-west-2.amazonaws.com/images.unsplash.com/small/photo-1676938778322-57737ef5c8ed'}"
XkaJUKp_Lf0,"{'raw': 'https://images.unsplash.com/photo-1677980936265-8d8f78ce8085?ixid=M3w1MzgyNzl8MHwxfGNvbGxlY3Rpb258Mjl8TjR3RE9pZUlBd2d8fHx8fDJ8fDE3MDIwMDU4OTB8&ixlib=rb-4.0.3', 'full': 'https://images.unsplash.com/photo-1677980936265-8d8f78ce8085?crop=entropy&cs=srgb&fm=jpg&ixid=M3w1MzgyNzl8MHwxfGNvbGxlY3Rpb258Mjl8TjR3RE9pZUlBd2d8fHx8fDJ8fDE3MDIwMDU4OTB8&ixlib=rb-4.0.3&q=85', 'regular': 'https://images.unsplash.com/photo-1677980936265-8d8f78ce8085?crop=entropy&cs=tinysrgb&fit=max&fm=jpg&ixid=M3w1MzgyNzl8MHwxfGNvbGxlY3Rpb258Mjl8TjR3RE9pZUlBd2d8fHx8fDJ8fDE3MDIwMDU4OTB8&ixlib=rb-4.0.3&q=80&w=1080', 'small': 'https://images.unsplash.com/photo-1677980936265-8d8f78ce8085?crop=entropy&cs=tinysrgb&fit=max&fm=jpg&ixid=M3w1MzgyNzl8MHwxfGNvbGxlY3Rpb258Mjl8TjR3RE9pZUlBd2d8fHx8fDJ8fDE3MDIwMDU4OTB8&ixlib=rb-4.0.3&q=80&w=400', 'thumb': 'https://images.unsplash.com/photo-1677980936265-8d8f78ce8085?crop=entropy&cs=tinysrgb&fit=max&fm=jpg&ixid=M3w1MzgyNzl8MHwxfGNvbGxlY3Rpb258Mjl8TjR3RE9pZUlBd2d8fHx8fDJ8fDE3MDIwMDU4OTB8&ixlib=rb-4.0.3&q=80&w=200', 'small_s3': 'https://s3.us-west-2.amazonaws.com/images.unsplash.com/small/photo-1677980936265-8d8f78ce8085'}"
sq-lm2kudHI,"{'raw': 'https://images.unsplash.com/photo-1643302408853-a0171accc39b?ixid=M3w1MzgyNzl8MHwxfGNvbGxlY3Rpb258MzB8TjR3RE9pZUlBd2d8fHx8fDJ8fDE3MDIwMDU4OTB8&ixlib=rb-4.0.3', 'full': 'https://images.unsplash.com/photo-1643302408853-a0171accc39b?crop=entropy&cs=srgb&fm=jpg&ixid=M3w1MzgyNzl8MHwxfGNvbGxlY3Rpb258MzB8TjR3RE9pZUlBd2d8fHx8fDJ8fDE3MDIwMDU4OTB8&ixlib=rb-4.0.3&q=85', 'regular': 'https://images.unsplash.com/photo-1643302408853-a0171accc39b?crop=entropy&cs=tinysrgb&fit=max&fm=jpg&ixid=M3w1MzgyNzl8MHwxfGNvbGxlY3Rpb258MzB8TjR3RE9pZUlBd2d8fHx8fDJ8fDE3MDIwMDU4OTB8&ixlib=rb-4.0.3&q=80&w=1080', 'small': 'https://images.unsplash.com/photo-1643302408853-a0171accc39b?crop=entropy&cs=tinysrgb&fit=max&fm=jpg&ixid=M3w1MzgyNzl8MHwxfGNvbGxlY3Rpb258MzB8TjR3RE9pZUlBd2d8fHx8fDJ8fDE3MDIwMDU4OTB8&ixlib=rb-4.0.3&q=80&w=400', 'thumb': 'https://images.unsplash.com/photo-1643302408853-a0171accc39b?crop=entropy&cs=tinysrgb&fit=max&fm=jpg&ixid=M3w1MzgyNzl8MHwxfGNvbGxlY3Rpb258MzB8TjR3RE9pZUlBd2d8fHx8fDJ8fDE3MDIwMDU4OTB8&ixlib=rb-4.0.3&q=80&w=200', 'small_s3': 'https://s3.us-west-2.amazonaws.com/images.unsplash.com/small/photo-1643302408853-a0171accc39b'}"
eSAvzaVc8x4,"{'raw': 'https://images.unsplash.com/photo-1638709434603-347adbdf7721?ixid=M3w1MzgyNzl8MHwxfGNvbGxlY3Rpb258MzF8TjR3RE9pZUlBd2d8fHx8fDJ8fDE3MDIwMDU4OTF8&ixlib=rb-4.0.3', 'full': 'https://images.unsplash.com/photo-1638709434603-347adbdf7721?crop=entropy&cs=srgb&fm=jpg&ixid=M3w1MzgyNzl8MHwxfGNvbGxlY3Rpb258MzF8TjR3RE9pZUlBd2d8fHx8fDJ8fDE3MDIwMDU4OTF8&ixlib=rb-4.0.3&q=85', 'regular': 'https://images.unsplash.com/photo-1638709434603-347adbdf7721?crop=entropy&cs=tinysrgb&fit=max&fm=jpg&ixid=M3w1MzgyNzl8MHwxfGNvbGxlY3Rpb258MzF8TjR3RE9pZUlBd2d8fHx8fDJ8fDE3MDIwMDU4OTF8&ixlib=rb-4.0.3&q=80&w=1080', 'small': 'https://images.unsplash.com/photo-1638709434603-347adbdf7721?crop=entropy&cs=tinysrgb&fit=max&fm=jpg&ixid=M3w1MzgyNzl8MHwxfGNvbGxlY3Rpb258MzF8TjR3RE9pZUlBd2d8fHx8fDJ8fDE3MDIwMDU4OTF8&ixlib=rb-4.0.3&q=80&w=400', 'thumb': 'https://images.unsplash.com/photo-1638709434603-347adbdf7721?crop=entropy&cs=tinysrgb&fit=max&fm=jpg&ixid=M3w1MzgyNzl8MHwxfGNvbGxlY3Rpb258MzF8TjR3RE9pZUlBd2d8fHx8fDJ8fDE3MDIwMDU4OTF8&ixlib=rb-4.0.3&q=80&w=200', 'small_s3': 'https://s3.us-west-2.amazonaws.com/images.unsplash.com/small/photo-1638709434603-347adbdf7721'}"
dOANMz2N2n0,"{'raw': 'https://images.unsplash.com/photo-1587244501485-95a649c8dea1?ixid=M3w1MzgyNzl8MHwxfGNvbGxlY3Rpb258MzJ8TjR3RE9pZUlBd2d8fHx8fDJ8fDE3MDIwMDU4OTF8&ixlib=rb-4.0.3', 'full': 'https://images.unsplash.com/photo-1587244501485-95a649c8dea1?crop=entropy&cs=srgb&fm=jpg&ixid=M3w1MzgyNzl8MHwxfGNvbGxlY3Rpb258MzJ8TjR3RE9pZUlBd2d8fHx8fDJ8fDE3MDIwMDU4OTF8&ixlib=rb-4.0.3&q=85', 'regular': 'https://images.unsplash.com/photo-1587244501485-95a649c8dea1?crop=entropy&cs=tinysrgb&fit=max&fm=jpg&ixid=M3w1MzgyNzl8MHwxfGNvbGxlY3Rpb258MzJ8TjR3RE9pZUlBd2d8fHx8fDJ8fDE3MDIwMDU4OTF8&ixlib=rb-4.0.3&q=80&w=1080', 'small': 'https://images.unsplash.com/photo-1587244501485-95a649c8dea1?crop=entropy&cs=tinysrgb&fit=max&fm=jpg&ixid=M3w1MzgyNzl8MHwxfGNvbGxlY3Rpb258MzJ8TjR3RE9pZUlBd2d8fHx8fDJ8fDE3MDIwMDU4OTF8&ixlib=rb-4.0.3&q=80&w=400', 'thumb': 'https://images.unsplash.com/photo-1587244501485-95a649c8dea1?crop=entropy&cs=tinysrgb&fit=max&fm=jpg&ixid=M3w1MzgyNzl8MHwxfGNvbGxlY3Rpb258MzJ8TjR3RE9pZUlBd2d8fHx8fDJ8fDE3MDIwMDU4OTF8&ixlib=rb-4.0.3&q=80&w=200', 'small_s3': 'https://s3.us-west-2.amazonaws.com/images.unsplash.com/small/photo-1587244501485-95a649c8dea1'}"
iITHg7ZttQ8,"{'raw': 'https://images.unsplash.com/photo-1669146171231-f22476407ef5?ixid=M3w1MzgyNzl8MHwxfGNvbGxlY3Rpb258MzN8TjR3RE9pZUlBd2d8fHx8fDJ8fDE3MDIwMDU4OTF8&ixlib=rb-4.0.3', 'full': 'https://images.unsplash.com/photo-1669146171231-f22476407ef5?crop=entropy&cs=srgb&fm=jpg&ixid=M3w1MzgyNzl8MHwxfGNvbGxlY3Rpb258MzN8TjR3RE9pZUlBd2d8fHx8fDJ8fDE3MDIwMDU4OTF8&ixlib=rb-4.0.3&q=85', 'regular': 'https://images.unsplash.com/photo-1669146171231-f22476407ef5?crop=entropy&cs=tinysrgb&fit=max&fm=jpg&ixid=M3w1MzgyNzl8MHwxfGNvbGxlY3Rpb258MzN8TjR3RE9pZUlBd2d8fHx8fDJ8fDE3MDIwMDU4OTF8&ixlib=rb-4.0.3&q=80&w=1080', 'small': 'https://images.unsplash.com/photo-1669146171231-f22476407ef5?crop=entropy&cs=tinysrgb&fit=max&fm=jpg&ixid=M3w1MzgyNzl8MHwxfGNvbGxlY3Rpb258MzN8TjR3RE9pZUlBd2d8fHx8fDJ8fDE3MDIwMDU4OTF8&ixlib=rb-4.0.3&q=80&w=400', 'thumb': 'https://images.unsplash.com/photo-1669146171231-f22476407ef5?crop=entropy&cs=tinysrgb&fit=max&fm=jpg&ixid=M3w1MzgyNzl8MHwxfGNvbGxlY3Rpb258MzN8TjR3RE9pZUlBd2d8fHx8fDJ8fDE3MDIwMDU4OTF8&ixlib=rb-4.0.3&q=80&w=200', 'small_s3': 'https://s3.us-west-2.amazonaws.com/images.unsplash.com/small/photo-1669146171231-f22476407ef5'}"
gSWaUDlOoAc,"{'raw': 'https://images.unsplash.com/photo-1678991987825-ff3f588a5bf7?ixid=M3w1MzgyNzl8MHwxfGNvbGxlY3Rpb258MzR8TjR3RE9pZUlBd2d8fHx8fDJ8fDE3MDIwMDU4OTF8&ixlib=rb-4.0.3', 'full': 'https://images.unsplash.com/photo-1678991987825-ff3f588a5bf7?crop=entropy&cs=srgb&fm=jpg&ixid=M3w1MzgyNzl8MHwxfGNvbGxlY3Rpb258MzR8TjR3RE9pZUlBd2d8fHx8fDJ8fDE3MDIwMDU4OTF8&ixlib=rb-4.0.3&q=85', 'regular': 'https://images.unsplash.com/photo-1678991987825-ff3f588a5bf7?crop=entropy&cs=tinysrgb&fit=max&fm=jpg&ixid=M3w1MzgyNzl8MHwxfGNvbGxlY3Rpb258MzR8TjR3RE9pZUlBd2d8fHx8fDJ8fDE3MDIwMDU4OTF8&ixlib=rb-4.0.3&q=80&w=1080', 'small': 'https://images.unsplash.com/photo-1678991987825-ff3f588a5bf7?crop=entropy&cs=tinysrgb&fit=max&fm=jpg&ixid=M3w1MzgyNzl8MHwxfGNvbGxlY3Rpb258MzR8TjR3RE9pZUlBd2d8fHx8fDJ8fDE3MDIwMDU4OTF8&ixlib=rb-4.0.3&q=80&w=400', 'thumb': 'https://images.unsplash.com/photo-1678991987825-ff3f588a5bf7?crop=entropy&cs=tinysrgb&fit=max&fm=jpg&ixid=M3w1MzgyNzl8MHwxfGNvbGxlY3Rpb258MzR8TjR3RE9pZUlBd2d8fHx8fDJ8fDE3MDIwMDU4OTF8&ixlib=rb-4.0.3&q=80&w=200', 'small_s3': 'https://s3.us-west-2.amazonaws.com/images.unsplash.com/small/photo-1678991987825-ff3f588a5bf7'}"
rvLGPuxKuTI,"{'raw': 'https://images.unsplash.com/photo-1648742877675-747045f8595f?ixid=M3w1MzgyNzl8MHwxfGNvbGxlY3Rpb258MzV8TjR3RE9pZUlBd2d8fHx8fDJ8fDE3MDIwMDU4OTF8&ixlib=rb-4.0.3', 'full': 'https://images.unsplash.com/photo-1648742877675-747045f8595f?crop=entropy&cs=srgb&fm=jpg&ixid=M3w1MzgyNzl8MHwxfGNvbGxlY3Rpb258MzV8TjR3RE9pZUlBd2d8fHx8fDJ8fDE3MDIwMDU4OTF8&ixlib=rb-4.0.3&q=85', 'regular': 'https://images.unsplash.com/photo-1648742877675-747045f8595f?crop=entropy&cs=tinysrgb&fit=max&fm=jpg&ixid=M3w1MzgyNzl8MHwxfGNvbGxlY3Rpb258MzV8TjR3RE9pZUlBd2d8fHx8fDJ8fDE3MDIwMDU4OTF8&ixlib=rb-4.0.3&q=80&w=1080', 'small': 'https://images.unsplash.com/photo-1648742877675-747045f8595f?crop=entropy&cs=tinysrgb&fit=max&fm=jpg&ixid=M3w1MzgyNzl8MHwxfGNvbGxlY3Rpb258MzV8TjR3RE9pZUlBd2d8fHx8fDJ8fDE3MDIwMDU4OTF8&ixlib=rb-4.0.3&q=80&w=400', 'thumb': 'https://images.unsplash.com/photo-1648742877675-747045f8595f?crop=entropy&cs=tinysrgb&fit=max&fm=jpg&ixid=M3w1MzgyNzl8MHwxfGNvbGxlY3Rpb258MzV8TjR3RE9pZUlBd2d8fHx8fDJ8fDE3MDIwMDU4OTF8&ixlib=rb-4.0.3&q=80&w=200', 'small_s3': 'https://s3.us-west-2.amazonaws.com/images.unsplash.com/small/photo-1648742877675-747045f8595f'}"
vNrpgkrRtlk,"{'raw': 'https://images.unsplash.com/photo-1546702005-7f8e5aeab4a6?ixid=M3w1MzgyNzl8MHwxfGNvbGxlY3Rpb258MzZ8TjR3RE9pZUlBd2d8fHx8fDJ8fDE3MDIwMDU4OTF8&ixlib=rb-4.0.3', 'full': 'https://images.unsplash.com/photo-1546702005-7f8e5aeab4a6?crop=entropy&cs=srgb&fm=jpg&ixid=M3w1MzgyNzl8MHwxfGNvbGxlY3Rpb258MzZ8TjR3RE9pZUlBd2d8fHx8fDJ8fDE3MDIwMDU4OTF8&ixlib=rb-4.0.3&q=85', 'regular': 'https://images.unsplash.com/photo-1546702005-7f8e5aeab4a6?crop=entropy&cs=tinysrgb&fit=max&fm=jpg&ixid=M3w1MzgyNzl8MHwxfGNvbGxlY3Rpb258MzZ8TjR3RE9pZUlBd2d8fHx8fDJ8fDE3MDIwMDU4OTF8&ixlib=rb-4.0.3&q=80&w=1080', 'small': 'https://images.unsplash.com/photo-1546702005-7f8e5aeab4a6?crop=entropy&cs=tinysrgb&fit=max&fm=jpg&ixid=M3w1MzgyNzl8MHwxfGNvbGxlY3Rpb258MzZ8TjR3RE9pZUlBd2d8fHx8fDJ8fDE3MDIwMDU4OTF8&ixlib=rb-4.0.3&q=80&w=400', 'thumb': 'https://images.unsplash.com/photo-1546702005-7f8e5aeab4a6?crop=entropy&cs=tinysrgb&fit=max&fm=jpg&ixid=M3w1MzgyNzl8MHwxfGNvbGxlY3Rpb258MzZ8TjR3RE9pZUlBd2d8fHx8fDJ8fDE3MDIwMDU4OTF8&ixlib=rb-4.0.3&q=80&w=200', 'small_s3': 'https://s3.us-west-2.amazonaws.com/images.unsplash.com/small/photo-1546702005-7f8e5aeab4a6'}"
Hg59J14Imdk,"{'raw': 'https://images.unsplash.com/photo-1588414839228-5ae1f354f9b7?ixid=M3w1MzgyNzl8MHwxfGNvbGxlY3Rpb258Mzd8TjR3RE9pZUlBd2d8fHx8fDJ8fDE3MDIwMDU4OTF8&ixlib=rb-4.0.3', 'full': 'https://images.unsplash.com/photo-1588414839228-5ae1f354f9b7?crop=entropy&cs=srgb&fm=jpg&ixid=M3w1MzgyNzl8MHwxfGNvbGxlY3Rpb258Mzd8TjR3RE9pZUlBd2d8fHx8fDJ8fDE3MDIwMDU4OTF8&ixlib=rb-4.0.3&q=85', 'regular': 'https://images.unsplash.com/photo-1588414839228-5ae1f354f9b7?crop=entropy&cs=tinysrgb&fit=max&fm=jpg&ixid=M3w1MzgyNzl8MHwxfGNvbGxlY3Rpb258Mzd8TjR3RE9pZUlBd2d8fHx8fDJ8fDE3MDIwMDU4OTF8&ixlib=rb-4.0.3&q=80&w=1080', 'small': 'https://images.unsplash.com/photo-1588414839228-5ae1f354f9b7?crop=entropy&cs=tinysrgb&fit=max&fm=jpg&ixid=M3w1MzgyNzl8MHwxfGNvbGxlY3Rpb258Mzd8TjR3RE9pZUlBd2d8fHx8fDJ8fDE3MDIwMDU4OTF8&ixlib=rb-4.0.3&q=80&w=400', 'thumb': 'https://images.unsplash.com/photo-1588414839228-5ae1f354f9b7?crop=entropy&cs=tinysrgb&fit=max&fm=jpg&ixid=M3w1MzgyNzl8MHwxfGNvbGxlY3Rpb258Mzd8TjR3RE9pZUlBd2d8fHx8fDJ8fDE3MDIwMDU4OTF8&ixlib=rb-4.0.3&q=80&w=200', 'small_s3': 'https://s3.us-west-2.amazonaws.com/images.unsplash.com/small/photo-1588414839228-5ae1f354f9b7'}"
LUIroVRcgQ8,"{'raw': 'https://images.unsplash.com/photo-1670009097274-6e2edab27905?ixid=M3w1MzgyNzl8MHwxfGNvbGxlY3Rpb258Mzh8TjR3RE9pZUlBd2d8fHx8fDJ8fDE3MDIwMDU4OTF8&ixlib=rb-4.0.3', 'full': 'https://images.unsplash.com/photo-1670009097274-6e2edab27905?crop=entropy&cs=srgb&fm=jpg&ixid=M3w1MzgyNzl8MHwxfGNvbGxlY3Rpb258Mzh8TjR3RE9pZUlBd2d8fHx8fDJ8fDE3MDIwMDU4OTF8&ixlib=rb-4.0.3&q=85', 'regular': 'https://images.unsplash.com/photo-1670009097274-6e2edab27905?crop=entropy&cs=tinysrgb&fit=max&fm=jpg&ixid=M3w1MzgyNzl8MHwxfGNvbGxlY3Rpb258Mzh8TjR3RE9pZUlBd2d8fHx8fDJ8fDE3MDIwMDU4OTF8&ixlib=rb-4.0.3&q=80&w=1080', 'small': 'https://images.unsplash.com/photo-1670009097274-6e2edab27905?crop=entropy&cs=tinysrgb&fit=max&fm=jpg&ixid=M3w1MzgyNzl8MHwxfGNvbGxlY3Rpb258Mzh8TjR3RE9pZUlBd2d8fHx8fDJ8fDE3MDIwMDU4OTF8&ixlib=rb-4.0.3&q=80&w=400', 'thumb': 'https://images.unsplash.com/photo-1670009097274-6e2edab27905?crop=entropy&cs=tinysrgb&fit=max&fm=jpg&ixid=M3w1MzgyNzl8MHwxfGNvbGxlY3Rpb258Mzh8TjR3RE9pZUlBd2d8fHx8fDJ8fDE3MDIwMDU4OTF8&ixlib=rb-4.0.3&q=80&w=200', 'small_s3': 'https://s3.us-west-2.amazonaws.com/images.unsplash.com/small/photo-1670009097274-6e2edab27905'}"
W8tUCo7x6us,"{'raw': 'https://images.unsplash.com/photo-1670009097330-f043a3c80df5?ixid=M3w1MzgyNzl8MHwxfGNvbGxlY3Rpb258Mzl8TjR3RE9pZUlBd2d8fHx8fDJ8fDE3MDIwMDU4OTF8&ixlib=rb-4.0.3', 'full': 'https://images.unsplash.com/photo-1670009097330-f043a3c80df5?crop=entropy&cs=srgb&fm=jpg&ixid=M3w1MzgyNzl8MHwxfGNvbGxlY3Rpb258Mzl8TjR3RE9pZUlBd2d8fHx8fDJ8fDE3MDIwMDU4OTF8&ixlib=rb-4.0.3&q=85', 'regular': 'https://images.unsplash.com/photo-1670009097330-f043a3c80df5?crop=entropy&cs=tinysrgb&fit=max&fm=jpg&ixid=M3w1MzgyNzl8MHwxfGNvbGxlY3Rpb258Mzl8TjR3RE9pZUlBd2d8fHx8fDJ8fDE3MDIwMDU4OTF8&ixlib=rb-4.0.3&q=80&w=1080', 'small': 'https://images.unsplash.com/photo-1670009097330-f043a3c80df5?crop=entropy&cs=tinysrgb&fit=max&fm=jpg&ixid=M3w1MzgyNzl8MHwxfGNvbGxlY3Rpb258Mzl8TjR3RE9pZUlBd2d8fHx8fDJ8fDE3MDIwMDU4OTF8&ixlib=rb-4.0.3&q=80&w=400', 'thumb': 'https://images.unsplash.com/photo-1670009097330-f043a3c80df5?crop=entropy&cs=tinysrgb&fit=max&fm=jpg&ixid=M3w1MzgyNzl8MHwxfGNvbGxlY3Rpb258Mzl8TjR3RE9pZUlBd2d8fHx8fDJ8fDE3MDIwMDU4OTF8&ixlib=rb-4.0.3&q=80&w=200', 'small_s3': 'https://s3.us-west-2.amazonaws.com/images.unsplash.com/small/photo-1670009097330-f043a3c80df5'}"
Kq1cZkzc1LM,"{'raw': 'https://images.unsplash.com/photo-1611460413978-0105f45f6f40?ixid=M3w1MzgyNzl8MHwxfGNvbGxlY3Rpb258NDB8TjR3RE9pZUlBd2d8fHx8fDJ8fDE3MDIwMDU4OTF8&ixlib=rb-4.0.3', 'full': 'https://images.unsplash.com/photo-1611460413978-0105f45f6f40?crop=entropy&cs=srgb&fm=jpg&ixid=M3w1MzgyNzl8MHwxfGNvbGxlY3Rpb258NDB8TjR3RE9pZUlBd2d8fHx8fDJ8fDE3MDIwMDU4OTF8&ixlib=rb-4.0.3&q=85', 'regular': 'https://images.unsplash.com/photo-1611460413978-0105f45f6f40?crop=entropy&cs=tinysrgb&fit=max&fm=jpg&ixid=M3w1MzgyNzl8MHwxfGNvbGxlY3Rpb258NDB8TjR3RE9pZUlBd2d8fHx8fDJ8fDE3MDIwMDU4OTF8&ixlib=rb-4.0.3&q=80&w=1080', 'small': 'https://images.unsplash.com/photo-1611460413978-0105f45f6f40?crop=entropy&cs=tinysrgb&fit=max&fm=jpg&ixid=M3w1MzgyNzl8MHwxfGNvbGxlY3Rpb258NDB8TjR3RE9pZUlBd2d8fHx8fDJ8fDE3MDIwMDU4OTF8&ixlib=rb-4.0.3&q=80&w=400', 'thumb': 'https://images.unsplash.com/photo-1611460413978-0105f45f6f40?crop=entropy&cs=tinysrgb&fit=max&fm=jpg&ixid=M3w1MzgyNzl8MHwxfGNvbGxlY3Rpb258NDB8TjR3RE9pZUlBd2d8fHx8fDJ8fDE3MDIwMDU4OTF8&ixlib=rb-4.0.3&q=80&w=200', 'small_s3': 'https://s3.us-west-2.amazonaws.com/images.unsplash.com/small/photo-1611460413978-0105f45f6f40'}"
hkW5hlTRESI,"{'raw': 'https://images.unsplash.com/photo-1653414566918-004e6eef8ee6?ixid=M3w1MzgyNzl8MHwxfGNvbGxlY3Rpb258NDF8TjR3RE9pZUlBd2d8fHx8fDJ8fDE3MDIwMDU4OTF8&ixlib=rb-4.0.3', 'full': 'https://images.unsplash.com/photo-1653414566918-004e6eef8ee6?crop=entropy&cs=srgb&fm=jpg&ixid=M3w1MzgyNzl8MHwxfGNvbGxlY3Rpb258NDF8TjR3RE9pZUlBd2d8fHx8fDJ8fDE3MDIwMDU4OTF8&ixlib=rb-4.0.3&q=85', 'regular': 'https://images.unsplash.com/photo-1653414566918-004e6eef8ee6?crop=entropy&cs=tinysrgb&fit=max&fm=jpg&ixid=M3w1MzgyNzl8MHwxfGNvbGxlY3Rpb258NDF8TjR3RE9pZUlBd2d8fHx8fDJ8fDE3MDIwMDU4OTF8&ixlib=rb-4.0.3&q=80&w=1080', 'small': 'https://images.unsplash.com/photo-1653414566918-004e6eef8ee6?crop=entropy&cs=tinysrgb&fit=max&fm=jpg&ixid=M3w1MzgyNzl8MHwxfGNvbGxlY3Rpb258NDF8TjR3RE9pZUlBd2d8fHx8fDJ8fDE3MDIwMDU4OTF8&ixlib=rb-4.0.3&q=80&w=400', 'thumb': 'https://images.unsplash.com/photo-1653414566918-004e6eef8ee6?crop=entropy&cs=tinysrgb&fit=max&fm=jpg&ixid=M3w1MzgyNzl8MHwxfGNvbGxlY3Rpb258NDF8TjR3RE9pZUlBd2d8fHx8fDJ8fDE3MDIwMDU4OTF8&ixlib=rb-4.0.3&q=80&w=200', 'small_s3': 'https://s3.us-west-2.amazonaws.com/images.unsplash.com/small/photo-1653414566918-004e6eef8ee6'}"
613mOVUv_lQ,"{'raw': 'https://images.unsplash.com/photo-1634121192044-49166f0e37a5?ixid=M3w1MzgyNzl8MHwxfGNvbGxlY3Rpb258NDJ8TjR3RE9pZUlBd2d8fHx8fDJ8fDE3MDIwMDU4OTF8&ixlib=rb-4.0.3', 'full': 'https://images.unsplash.com/photo-1634121192044-49166f0e37a5?crop=entropy&cs=srgb&fm=jpg&ixid=M3w1MzgyNzl8MHwxfGNvbGxlY3Rpb258NDJ8TjR3RE9pZUlBd2d8fHx8fDJ8fDE3MDIwMDU4OTF8&ixlib=rb-4.0.3&q=85', 'regular': 'https://images.unsplash.com/photo-1634121192044-49166f0e37a5?crop=entropy&cs=tinysrgb&fit=max&fm=jpg&ixid=M3w1MzgyNzl8MHwxfGNvbGxlY3Rpb258NDJ8TjR3RE9pZUlBd2d8fHx8fDJ8fDE3MDIwMDU4OTF8&ixlib=rb-4.0.3&q=80&w=1080', 'small': 'https://images.unsplash.com/photo-1634121192044-49166f0e37a5?crop=entropy&cs=tinysrgb&fit=max&fm=jpg&ixid=M3w1MzgyNzl8MHwxfGNvbGxlY3Rpb258NDJ8TjR3RE9pZUlBd2d8fHx8fDJ8fDE3MDIwMDU4OTF8&ixlib=rb-4.0.3&q=80&w=400', 'thumb': 'https://images.unsplash.com/photo-1634121192044-49166f0e37a5?crop=entropy&cs=tinysrgb&fit=max&fm=jpg&ixid=M3w1MzgyNzl8MHwxfGNvbGxlY3Rpb258NDJ8TjR3RE9pZUlBd2d8fHx8fDJ8fDE3MDIwMDU4OTF8&ixlib=rb-4.0.3&q=80&w=200', 'small_s3': 'https://s3.us-west-2.amazonaws.com/images.unsplash.com/small/photo-1634121192044-49166f0e37a5'}"
Fw5wzlt1sjo,"{'raw': 'https://images.unsplash.com/photo-1676910914223-157483bd0681?ixid=M3w1MzgyNzl8MHwxfGNvbGxlY3Rpb258NDN8TjR3RE9pZUlBd2d8fHx8fDJ8fDE3MDIwMDU4OTF8&ixlib=rb-4.0.3', 'full': 'https://images.unsplash.com/photo-1676910914223-157483bd0681?crop=entropy&cs=srgb&fm=jpg&ixid=M3w1MzgyNzl8MHwxfGNvbGxlY3Rpb258NDN8TjR3RE9pZUlBd2d8fHx8fDJ8fDE3MDIwMDU4OTF8&ixlib=rb-4.0.3&q=85', 'regular': 'https://images.unsplash.com/photo-1676910914223-157483bd0681?crop=entropy&cs=tinysrgb&fit=max&fm=jpg&ixid=M3w1MzgyNzl8MHwxfGNvbGxlY3Rpb258NDN8TjR3RE9pZUlBd2d8fHx8fDJ8fDE3MDIwMDU4OTF8&ixlib=rb-4.0.3&q=80&w=1080', 'small': 'https://images.unsplash.com/photo-1676910914223-157483bd0681?crop=entropy&cs=tinysrgb&fit=max&fm=jpg&ixid=M3w1MzgyNzl8MHwxfGNvbGxlY3Rpb258NDN8TjR3RE9pZUlBd2d8fHx8fDJ8fDE3MDIwMDU4OTF8&ixlib=rb-4.0.3&q=80&w=400', 'thumb': 'https://images.unsplash.com/photo-1676910914223-157483bd0681?crop=entropy&cs=tinysrgb&fit=max&fm=jpg&ixid=M3w1MzgyNzl8MHwxfGNvbGxlY3Rpb258NDN8TjR3RE9pZUlBd2d8fHx8fDJ8fDE3MDIwMDU4OTF8&ixlib=rb-4.0.3&q=80&w=200', 'small_s3': 'https://s3.us-west-2.amazonaws.com/images.unsplash.com/small/photo-1676910914223-157483bd0681'}"
mP8QRHRoJx0,"{'raw': 'https://images.unsplash.com/photo-1676910913919-e312ce477ba7?ixid=M3w1MzgyNzl8MHwxfGNvbGxlY3Rpb258NDR8TjR3RE9pZUlBd2d8fHx8fDJ8fDE3MDIwMDU4OTF8&ixlib=rb-4.0.3', 'full': 'https://images.unsplash.com/photo-1676910913919-e312ce477ba7?crop=entropy&cs=srgb&fm=jpg&ixid=M3w1MzgyNzl8MHwxfGNvbGxlY3Rpb258NDR8TjR3RE9pZUlBd2d8fHx8fDJ8fDE3MDIwMDU4OTF8&ixlib=rb-4.0.3&q=85', 'regular': 'https://images.unsplash.com/photo-1676910913919-e312ce477ba7?crop=entropy&cs=tinysrgb&fit=max&fm=jpg&ixid=M3w1MzgyNzl8MHwxfGNvbGxlY3Rpb258NDR8TjR3RE9pZUlBd2d8fHx8fDJ8fDE3MDIwMDU4OTF8&ixlib=rb-4.0.3&q=80&w=1080', 'small': 'https://images.unsplash.com/photo-1676910913919-e312ce477ba7?crop=entropy&cs=tinysrgb&fit=max&fm=jpg&ixid=M3w1MzgyNzl8MHwxfGNvbGxlY3Rpb258NDR8TjR3RE9pZUlBd2d8fHx8fDJ8fDE3MDIwMDU4OTF8&ixlib=rb-4.0.3&q=80&w=400', 'thumb': 'https://images.unsplash.com/photo-1676910913919-e312ce477ba7?crop=entropy&cs=tinysrgb&fit=max&fm=jpg&ixid=M3w1MzgyNzl8MHwxfGNvbGxlY3Rpb258NDR8TjR3RE9pZUlBd2d8fHx8fDJ8fDE3MDIwMDU4OTF8&ixlib=rb-4.0.3&q=80&w=200', 'small_s3': 'https://s3.us-west-2.amazonaws.com/images.unsplash.com/small/photo-1676910913919-e312ce477ba7'}"
A4E2PEbPFxs,"{'raw': 'https://images.unsplash.com/photo-1677008291711-888120034ac8?ixid=M3w1MzgyNzl8MHwxfGNvbGxlY3Rpb258NDV8TjR3RE9pZUlBd2d8fHx8fDJ8fDE3MDIwMDU4OTF8&ixlib=rb-4.0.3', 'full': 'https://images.unsplash.com/photo-1677008291711-888120034ac8?crop=entropy&cs=srgb&fm=jpg&ixid=M3w1MzgyNzl8MHwxfGNvbGxlY3Rpb258NDV8TjR3RE9pZUlBd2d8fHx8fDJ8fDE3MDIwMDU4OTF8&ixlib=rb-4.0.3&q=85', 'regular': 'https://images.unsplash.com/photo-1677008291711-888120034ac8?crop=entropy&cs=tinysrgb&fit=max&fm=jpg&ixid=M3w1MzgyNzl8MHwxfGNvbGxlY3Rpb258NDV8TjR3RE9pZUlBd2d8fHx8fDJ8fDE3MDIwMDU4OTF8&ixlib=rb-4.0.3&q=80&w=1080', 'small': 'https://images.unsplash.com/photo-1677008291711-888120034ac8?crop=entropy&cs=tinysrgb&fit=max&fm=jpg&ixid=M3w1MzgyNzl8MHwxfGNvbGxlY3Rpb258NDV8TjR3RE9pZUlBd2d8fHx8fDJ8fDE3MDIwMDU4OTF8&ixlib=rb-4.0.3&q=80&w=400', 'thumb': 'https://images.unsplash.com/photo-1677008291711-888120034ac8?crop=entropy&cs=tinysrgb&fit=max&fm=jpg&ixid=M3w1MzgyNzl8MHwxfGNvbGxlY3Rpb258NDV8TjR3RE9pZUlBd2d8fHx8fDJ8fDE3MDIwMDU4OTF8&ixlib=rb-4.0.3&q=80&w=200', 'small_s3': 'https://s3.us-west-2.amazonaws.com/images.unsplash.com/small/photo-1677008291711-888120034ac8'}"
Lv7LXFbCXDo,"{'raw': 'https://images.unsplash.com/photo-1613527002850-f92ee0fe0f37?ixid=M3w1MzgyNzl8MHwxfGNvbGxlY3Rpb258NDZ8TjR3RE9pZUlBd2d8fHx8fDJ8fDE3MDIwMDU4OTF8&ixlib=rb-4.0.3', 'full': 'https://images.unsplash.com/photo-1613527002850-f92ee0fe0f37?crop=entropy&cs=srgb&fm=jpg&ixid=M3w1MzgyNzl8MHwxfGNvbGxlY3Rpb258NDZ8TjR3RE9pZUlBd2d8fHx8fDJ8fDE3MDIwMDU4OTF8&ixlib=rb-4.0.3&q=85', 'regular': 'https://images.unsplash.com/photo-1613527002850-f92ee0fe0f37?crop=entropy&cs=tinysrgb&fit=max&fm=jpg&ixid=M3w1MzgyNzl8MHwxfGNvbGxlY3Rpb258NDZ8TjR3RE9pZUlBd2d8fHx8fDJ8fDE3MDIwMDU4OTF8&ixlib=rb-4.0.3&q=80&w=1080', 'small': 'https://images.unsplash.com/photo-1613527002850-f92ee0fe0f37?crop=entropy&cs=tinysrgb&fit=max&fm=jpg&ixid=M3w1MzgyNzl8MHwxfGNvbGxlY3Rpb258NDZ8TjR3RE9pZUlBd2d8fHx8fDJ8fDE3MDIwMDU4OTF8&ixlib=rb-4.0.3&q=80&w=400', 'thumb': 'https://images.unsplash.com/photo-1613527002850-f92ee0fe0f37?crop=entropy&cs=tinysrgb&fit=max&fm=jpg&ixid=M3w1MzgyNzl8MHwxfGNvbGxlY3Rpb258NDZ8TjR3RE9pZUlBd2d8fHx8fDJ8fDE3MDIwMDU4OTF8&ixlib=rb-4.0.3&q=80&w=200', 'small_s3': 'https://s3.us-west-2.amazonaws.com/images.unsplash.com/small/photo-1613527002850-f92ee0fe0f37'}"
t5OCEGl-wjE,"{'raw': 'https://images.unsplash.com/photo-1628985841493-3a01731d35d9?ixid=M3w1MzgyNzl8MHwxfGNvbGxlY3Rpb258NDd8TjR3RE9pZUlBd2d8fHx8fDJ8fDE3MDIwMDU4OTF8&ixlib=rb-4.0.3', 'full': 'https://images.unsplash.com/photo-1628985841493-3a01731d35d9?crop=entropy&cs=srgb&fm=jpg&ixid=M3w1MzgyNzl8MHwxfGNvbGxlY3Rpb258NDd8TjR3RE9pZUlBd2d8fHx8fDJ8fDE3MDIwMDU4OTF8&ixlib=rb-4.0.3&q=85', 'regular': 'https://images.unsplash.com/photo-1628985841493-3a01731d35d9?crop=entropy&cs=tinysrgb&fit=max&fm=jpg&ixid=M3w1MzgyNzl8MHwxfGNvbGxlY3Rpb258NDd8TjR3RE9pZUlBd2d8fHx8fDJ8fDE3MDIwMDU4OTF8&ixlib=rb-4.0.3&q=80&w=1080', 'small': 'https://images.unsplash.com/photo-1628985841493-3a01731d35d9?crop=entropy&cs=tinysrgb&fit=max&fm=jpg&ixid=M3w1MzgyNzl8MHwxfGNvbGxlY3Rpb258NDd8TjR3RE9pZUlBd2d8fHx8fDJ8fDE3MDIwMDU4OTF8&ixlib=rb-4.0.3&q=80&w=400', 'thumb': 'https://images.unsplash.com/photo-1628985841493-3a01731d35d9?crop=entropy&cs=tinysrgb&fit=max&fm=jpg&ixid=M3w1MzgyNzl8MHwxfGNvbGxlY3Rpb258NDd8TjR3RE9pZUlBd2d8fHx8fDJ8fDE3MDIwMDU4OTF8&ixlib=rb-4.0.3&q=80&w=200', 'small_s3': 'https://s3.us-west-2.amazonaws.com/images.unsplash.com/small/photo-1628985841493-3a01731d35d9'}"
MoqocRTUL2w,"{'raw': 'https://images.unsplash.com/photo-1648742867716-0833f28b0c00?ixid=M3w1MzgyNzl8MHwxfGNvbGxlY3Rpb258NDh8TjR3RE9pZUlBd2d8fHx8fDJ8fDE3MDIwMDU4OTF8&ixlib=rb-4.0.3', 'full': 'https://images.unsplash.com/photo-1648742867716-0833f28b0c00?crop=entropy&cs=srgb&fm=jpg&ixid=M3w1MzgyNzl8MHwxfGNvbGxlY3Rpb258NDh8TjR3RE9pZUlBd2d8fHx8fDJ8fDE3MDIwMDU4OTF8&ixlib=rb-4.0.3&q=85', 'regular': 'https://images.unsplash.com/photo-1648742867716-0833f28b0c00?crop=entropy&cs=tinysrgb&fit=max&fm=jpg&ixid=M3w1MzgyNzl8MHwxfGNvbGxlY3Rpb258NDh8TjR3RE9pZUlBd2d8fHx8fDJ8fDE3MDIwMDU4OTF8&ixlib=rb-4.0.3&q=80&w=1080', 'small': 'https://images.unsplash.com/photo-1648742867716-0833f28b0c00?crop=entropy&cs=tinysrgb&fit=max&fm=jpg&ixid=M3w1MzgyNzl8MHwxfGNvbGxlY3Rpb258NDh8TjR3RE9pZUlBd2d8fHx8fDJ8fDE3MDIwMDU4OTF8&ixlib=rb-4.0.3&q=80&w=400', 'thumb': 'https://images.unsplash.com/photo-1648742867716-0833f28b0c00?crop=entropy&cs=tinysrgb&fit=max&fm=jpg&ixid=M3w1MzgyNzl8MHwxfGNvbGxlY3Rpb258NDh8TjR3RE9pZUlBd2d8fHx8fDJ8fDE3MDIwMDU4OTF8&ixlib=rb-4.0.3&q=80&w=200', 'small_s3': 'https://s3.us-west-2.amazonaws.com/images.unsplash.com/small/photo-1648742867716-0833f28b0c00'}"
TfCH384YVQM,"{'raw': 'https://images.unsplash.com/photo-1654444990833-f2edbc27e302?ixid=M3w1MzgyNzl8MHwxfGNvbGxlY3Rpb258NDl8TjR3RE9pZUlBd2d8fHx8fDJ8fDE3MDIwMDU4OTF8&ixlib=rb-4.0.3', 'full': 'https://images.unsplash.com/photo-1654444990833-f2edbc27e302?crop=entropy&cs=srgb&fm=jpg&ixid=M3w1MzgyNzl8MHwxfGNvbGxlY3Rpb258NDl8TjR3RE9pZUlBd2d8fHx8fDJ8fDE3MDIwMDU4OTF8&ixlib=rb-4.0.3&q=85', 'regular': 'https://images.unsplash.com/photo-1654444990833-f2edbc27e302?crop=entropy&cs=tinysrgb&fit=max&fm=jpg&ixid=M3w1MzgyNzl8MHwxfGNvbGxlY3Rpb258NDl8TjR3RE9pZUlBd2d8fHx8fDJ8fDE3MDIwMDU4OTF8&ixlib=rb-4.0.3&q=80&w=1080', 'small': 'https://images.unsplash.com/photo-1654444990833-f2edbc27e302?crop=entropy&cs=tinysrgb&fit=max&fm=jpg&ixid=M3w1MzgyNzl8MHwxfGNvbGxlY3Rpb258NDl8TjR3RE9pZUlBd2d8fHx8fDJ8fDE3MDIwMDU4OTF8&ixlib=rb-4.0.3&q=80&w=400', 'thumb': 'https://images.unsplash.com/photo-1654444990833-f2edbc27e302?crop=entropy&cs=tinysrgb&fit=max&fm=jpg&ixid=M3w1MzgyNzl8MHwxfGNvbGxlY3Rpb258NDl8TjR3RE9pZUlBd2d8fHx8fDJ8fDE3MDIwMDU4OTF8&ixlib=rb-4.0.3&q=80&w=200', 'small_s3': 'https://s3.us-west-2.amazonaws.com/images.unsplash.com/small/photo-1654444990833-f2edbc27e302'}"
Ve_ZiUb9YYk,"{'raw': 'https://images.unsplash.com/photo-1587580154308-f0be057deb77?ixid=M3w1MzgyNzl8MHwxfGNvbGxlY3Rpb258NTB8TjR3RE9pZUlBd2d8fHx8fDJ8fDE3MDIwMDU4OTF8&ixlib=rb-4.0.3', 'full': 'https://images.unsplash.com/photo-1587580154308-f0be057deb77?crop=entropy&cs=srgb&fm=jpg&ixid=M3w1MzgyNzl8MHwxfGNvbGxlY3Rpb258NTB8TjR3RE9pZUlBd2d8fHx8fDJ8fDE3MDIwMDU4OTF8&ixlib=rb-4.0.3&q=85', 'regular': 'https://images.unsplash.com/photo-1587580154308-f0be057deb77?crop=entropy&cs=tinysrgb&fit=max&fm=jpg&ixid=M3w1MzgyNzl8MHwxfGNvbGxlY3Rpb258NTB8TjR3RE9pZUlBd2d8fHx8fDJ8fDE3MDIwMDU4OTF8&ixlib=rb-4.0.3&q=80&w=1080', 'small': 'https://images.unsplash.com/photo-1587580154308-f0be057deb77?crop=entropy&cs=tinysrgb&fit=max&fm=jpg&ixid=M3w1MzgyNzl8MHwxfGNvbGxlY3Rpb258NTB8TjR3RE9pZUlBd2d8fHx8fDJ8fDE3MDIwMDU4OTF8&ixlib=rb-4.0.3&q=80&w=400', 'thumb': 'https://images.unsplash.com/photo-1587580154308-f0be057deb77?crop=entropy&cs=tinysrgb&fit=max&fm=jpg&ixid=M3w1MzgyNzl8MHwxfGNvbGxlY3Rpb258NTB8TjR3RE9pZUlBd2d8fHx8fDJ8fDE3MDIwMDU4OTF8&ixlib=rb-4.0.3&q=80&w=200', 'small_s3': 'https://s3.us-west-2.amazonaws.com/images.unsplash.com/small/photo-1587580154308-f0be057deb77'}"
-e3bC0vjqDU,"{'raw': 'https://images.unsplash.com/photo-1636994141566-a593d8ff611c?ixid=M3w1MzgyNzl8MHwxfGNvbGxlY3Rpb258NTF8TjR3RE9pZUlBd2d8fHx8fDJ8fDE3MDIwMDU4OTF8&ixlib=rb-4.0.3', 'full': 'https://images.unsplash.com/photo-1636994141566-a593d8ff611c?crop=entropy&cs=srgb&fm=jpg&ixid=M3w1MzgyNzl8MHwxfGNvbGxlY3Rpb258NTF8TjR3RE9pZUlBd2d8fHx8fDJ8fDE3MDIwMDU4OTF8&ixlib=rb-4.0.3&q=85', 'regular': 'https://images.unsplash.com/photo-1636994141566-a593d8ff611c?crop=entropy&cs=tinysrgb&fit=max&fm=jpg&ixid=M3w1MzgyNzl8MHwxfGNvbGxlY3Rpb258NTF8TjR3RE9pZUlBd2d8fHx8fDJ8fDE3MDIwMDU4OTF8&ixlib=rb-4.0.3&q=80&w=1080', 'small': 'https://images.unsplash.com/photo-1636994141566-a593d8ff611c?crop=entropy&cs=tinysrgb&fit=max&fm=jpg&ixid=M3w1MzgyNzl8MHwxfGNvbGxlY3Rpb258NTF8TjR3RE9pZUlBd2d8fHx8fDJ8fDE3MDIwMDU4OTF8&ixlib=rb-4.0.3&q=80&w=400', 'thumb': 'https://images.unsplash.com/photo-1636994141566-a593d8ff611c?crop=entropy&cs=tinysrgb&fit=max&fm=jpg&ixid=M3w1MzgyNzl8MHwxfGNvbGxlY3Rpb258NTF8TjR3RE9pZUlBd2d8fHx8fDJ8fDE3MDIwMDU4OTF8&ixlib=rb-4.0.3&q=80&w=200', 'small_s3': 'https://s3.us-west-2.amazonaws.com/images.unsplash.com/small/photo-1636994141566-a593d8ff611c'}"
WbPPEDqf5qs,"{'raw': 'https://images.unsplash.com/photo-1589265172159-4f3f49d8368e?ixid=M3w1MzgyNzl8MHwxfGNvbGxlY3Rpb258NTJ8TjR3RE9pZUlBd2d8fHx8fDJ8fDE3MDIwMDU4OTF8&ixlib=rb-4.0.3', 'full': 'https://images.unsplash.com/photo-1589265172159-4f3f49d8368e?crop=entropy&cs=srgb&fm=jpg&ixid=M3w1MzgyNzl8MHwxfGNvbGxlY3Rpb258NTJ8TjR3RE9pZUlBd2d8fHx8fDJ8fDE3MDIwMDU4OTF8&ixlib=rb-4.0.3&q=85', 'regular': 'https://images.unsplash.com/photo-1589265172159-4f3f49d8368e?crop=entropy&cs=tinysrgb&fit=max&fm=jpg&ixid=M3w1MzgyNzl8MHwxfGNvbGxlY3Rpb258NTJ8TjR3RE9pZUlBd2d8fHx8fDJ8fDE3MDIwMDU4OTF8&ixlib=rb-4.0.3&q=80&w=1080', 'small': 'https://images.unsplash.com/photo-1589265172159-4f3f49d8368e?crop=entropy&cs=tinysrgb&fit=max&fm=jpg&ixid=M3w1MzgyNzl8MHwxfGNvbGxlY3Rpb258NTJ8TjR3RE9pZUlBd2d8fHx8fDJ8fDE3MDIwMDU4OTF8&ixlib=rb-4.0.3&q=80&w=400', 'thumb': 'https://images.unsplash.com/photo-1589265172159-4f3f49d8368e?crop=entropy&cs=tinysrgb&fit=max&fm=jpg&ixid=M3w1MzgyNzl8MHwxfGNvbGxlY3Rpb258NTJ8TjR3RE9pZUlBd2d8fHx8fDJ8fDE3MDIwMDU4OTF8&ixlib=rb-4.0.3&q=80&w=200', 'small_s3': 'https://s3.us-west-2.amazonaws.com/images.unsplash.com/small/photo-1589265172159-4f3f49d8368e'}"
Q5tVIWAr2C4,"{'raw': 'https://images.unsplash.com/photo-1641973242229-3fa04a49604c?ixid=M3w1MzgyNzl8MHwxfGNvbGxlY3Rpb258NTN8TjR3RE9pZUlBd2d8fHx8fDJ8fDE3MDIwMDU4OTF8&ixlib=rb-4.0.3', 'full': 'https://images.unsplash.com/photo-1641973242229-3fa04a49604c?crop=entropy&cs=srgb&fm=jpg&ixid=M3w1MzgyNzl8MHwxfGNvbGxlY3Rpb258NTN8TjR3RE9pZUlBd2d8fHx8fDJ8fDE3MDIwMDU4OTF8&ixlib=rb-4.0.3&q=85', 'regular': 'https://images.unsplash.com/photo-1641973242229-3fa04a49604c?crop=entropy&cs=tinysrgb&fit=max&fm=jpg&ixid=M3w1MzgyNzl8MHwxfGNvbGxlY3Rpb258NTN8TjR3RE9pZUlBd2d8fHx8fDJ8fDE3MDIwMDU4OTF8&ixlib=rb-4.0.3&q=80&w=1080', 'small': 'https://images.unsplash.com/photo-1641973242229-3fa04a49604c?crop=entropy&cs=tinysrgb&fit=max&fm=jpg&ixid=M3w1MzgyNzl8MHwxfGNvbGxlY3Rpb258NTN8TjR3RE9pZUlBd2d8fHx8fDJ8fDE3MDIwMDU4OTF8&ixlib=rb-4.0.3&q=80&w=400', 'thumb': 'https://images.unsplash.com/photo-1641973242229-3fa04a49604c?crop=entropy&cs=tinysrgb&fit=max&fm=jpg&ixid=M3w1MzgyNzl8MHwxfGNvbGxlY3Rpb258NTN8TjR3RE9pZUlBd2d8fHx8fDJ8fDE3MDIwMDU4OTF8&ixlib=rb-4.0.3&q=80&w=200', 'small_s3': 'https://s3.us-west-2.amazonaws.com/images.unsplash.com/small/photo-1641973242229-3fa04a49604c'}"
S1_FmtkKHnk,"{'raw': 'https://images.unsplash.com/photo-1588414839143-7356815ed699?ixid=M3w1MzgyNzl8MHwxfGNvbGxlY3Rpb258NTR8TjR3RE9pZUlBd2d8fHx8fDJ8fDE3MDIwMDU4OTF8&ixlib=rb-4.0.3', 'full': 'https://images.unsplash.com/photo-1588414839143-7356815ed699?crop=entropy&cs=srgb&fm=jpg&ixid=M3w1MzgyNzl8MHwxfGNvbGxlY3Rpb258NTR8TjR3RE9pZUlBd2d8fHx8fDJ8fDE3MDIwMDU4OTF8&ixlib=rb-4.0.3&q=85', 'regular': 'https://images.unsplash.com/photo-1588414839143-7356815ed699?crop=entropy&cs=tinysrgb&fit=max&fm=jpg&ixid=M3w1MzgyNzl8MHwxfGNvbGxlY3Rpb258NTR8TjR3RE9pZUlBd2d8fHx8fDJ8fDE3MDIwMDU4OTF8&ixlib=rb-4.0.3&q=80&w=1080', 'small': 'https://images.unsplash.com/photo-1588414839143-7356815ed699?crop=entropy&cs=tinysrgb&fit=max&fm=jpg&ixid=M3w1MzgyNzl8MHwxfGNvbGxlY3Rpb258NTR8TjR3RE9pZUlBd2d8fHx8fDJ8fDE3MDIwMDU4OTF8&ixlib=rb-4.0.3&q=80&w=400', 'thumb': 'https://images.unsplash.com/photo-1588414839143-7356815ed699?crop=entropy&cs=tinysrgb&fit=max&fm=jpg&ixid=M3w1MzgyNzl8MHwxfGNvbGxlY3Rpb258NTR8TjR3RE9pZUlBd2d8fHx8fDJ8fDE3MDIwMDU4OTF8&ixlib=rb-4.0.3&q=80&w=200', 'small_s3': 'https://s3.us-west-2.amazonaws.com/images.unsplash.com/small/photo-1588414839143-7356815ed699'}"
6HFqhmC6a34,"{'raw': 'https://images.unsplash.com/photo-1588414839123-5a687d47e568?ixid=M3w1MzgyNzl8MHwxfGNvbGxlY3Rpb258NTV8TjR3RE9pZUlBd2d8fHx8fDJ8fDE3MDIwMDU4OTF8&ixlib=rb-4.0.3', 'full': 'https://images.unsplash.com/photo-1588414839123-5a687d47e568?crop=entropy&cs=srgb&fm=jpg&ixid=M3w1MzgyNzl8MHwxfGNvbGxlY3Rpb258NTV8TjR3RE9pZUlBd2d8fHx8fDJ8fDE3MDIwMDU4OTF8&ixlib=rb-4.0.3&q=85', 'regular': 'https://images.unsplash.com/photo-1588414839123-5a687d47e568?crop=entropy&cs=tinysrgb&fit=max&fm=jpg&ixid=M3w1MzgyNzl8MHwxfGNvbGxlY3Rpb258NTV8TjR3RE9pZUlBd2d8fHx8fDJ8fDE3MDIwMDU4OTF8&ixlib=rb-4.0.3&q=80&w=1080', 'small': 'https://images.unsplash.com/photo-1588414839123-5a687d47e568?crop=entropy&cs=tinysrgb&fit=max&fm=jpg&ixid=M3w1MzgyNzl8MHwxfGNvbGxlY3Rpb258NTV8TjR3RE9pZUlBd2d8fHx8fDJ8fDE3MDIwMDU4OTF8&ixlib=rb-4.0.3&q=80&w=400', 'thumb': 'https://images.unsplash.com/photo-1588414839123-5a687d47e568?crop=entropy&cs=tinysrgb&fit=max&fm=jpg&ixid=M3w1MzgyNzl8MHwxfGNvbGxlY3Rpb258NTV8TjR3RE9pZUlBd2d8fHx8fDJ8fDE3MDIwMDU4OTF8&ixlib=rb-4.0.3&q=80&w=200', 'small_s3': 'https://s3.us-west-2.amazonaws.com/images.unsplash.com/small/photo-1588414839123-5a687d47e568'}"
Uzpxr7FvMlw,"{'raw': 'https://images.unsplash.com/photo-1594434007590-1c2a0e507cb2?ixid=M3w1MzgyNzl8MHwxfGNvbGxlY3Rpb258NTZ8TjR3RE9pZUlBd2d8fHx8fDJ8fDE3MDIwMDU4OTF8&ixlib=rb-4.0.3', 'full': 'https://images.unsplash.com/photo-1594434007590-1c2a0e507cb2?crop=entropy&cs=srgb&fm=jpg&ixid=M3w1MzgyNzl8MHwxfGNvbGxlY3Rpb258NTZ8TjR3RE9pZUlBd2d8fHx8fDJ8fDE3MDIwMDU4OTF8&ixlib=rb-4.0.3&q=85', 'regular': 'https://images.unsplash.com/photo-1594434007590-1c2a0e507cb2?crop=entropy&cs=tinysrgb&fit=max&fm=jpg&ixid=M3w1MzgyNzl8MHwxfGNvbGxlY3Rpb258NTZ8TjR3RE9pZUlBd2d8fHx8fDJ8fDE3MDIwMDU4OTF8&ixlib=rb-4.0.3&q=80&w=1080', 'small': 'https://images.unsplash.com/photo-1594434007590-1c2a0e507cb2?crop=entropy&cs=tinysrgb&fit=max&fm=jpg&ixid=M3w1MzgyNzl8MHwxfGNvbGxlY3Rpb258NTZ8TjR3RE9pZUlBd2d8fHx8fDJ8fDE3MDIwMDU4OTF8&ixlib=rb-4.0.3&q=80&w=400', 'thumb': 'https://images.unsplash.com/photo-1594434007590-1c2a0e507cb2?crop=entropy&cs=tinysrgb&fit=max&fm=jpg&ixid=M3w1MzgyNzl8MHwxfGNvbGxlY3Rpb258NTZ8TjR3RE9pZUlBd2d8fHx8fDJ8fDE3MDIwMDU4OTF8&ixlib=rb-4.0.3&q=80&w=200', 'small_s3': 'https://s3.us-west-2.amazonaws.com/images.unsplash.com/small/photo-1594434007590-1c2a0e507cb2'}"
UFQtIKMw7eA,"{'raw': 'https://images.unsplash.com/photo-1515038012799-3d47a3688ca9?ixid=M3w1MzgyNzl8MHwxfGNvbGxlY3Rpb258NTd8TjR3RE9pZUlBd2d8fHx8fDJ8fDE3MDIwMDU4OTF8&ixlib=rb-4.0.3', 'full': 'https://images.unsplash.com/photo-1515038012799-3d47a3688ca9?crop=entropy&cs=srgb&fm=jpg&ixid=M3w1MzgyNzl8MHwxfGNvbGxlY3Rpb258NTd8TjR3RE9pZUlBd2d8fHx8fDJ8fDE3MDIwMDU4OTF8&ixlib=rb-4.0.3&q=85', 'regular': 'https://images.unsplash.com/photo-1515038012799-3d47a3688ca9?crop=entropy&cs=tinysrgb&fit=max&fm=jpg&ixid=M3w1MzgyNzl8MHwxfGNvbGxlY3Rpb258NTd8TjR3RE9pZUlBd2d8fHx8fDJ8fDE3MDIwMDU4OTF8&ixlib=rb-4.0.3&q=80&w=1080', 'small': 'https://images.unsplash.com/photo-1515038012799-3d47a3688ca9?crop=entropy&cs=tinysrgb&fit=max&fm=jpg&ixid=M3w1MzgyNzl8MHwxfGNvbGxlY3Rpb258NTd8TjR3RE9pZUlBd2d8fHx8fDJ8fDE3MDIwMDU4OTF8&ixlib=rb-4.0.3&q=80&w=400', 'thumb': 'https://images.unsplash.com/photo-1515038012799-3d47a3688ca9?crop=entropy&cs=tinysrgb&fit=max&fm=jpg&ixid=M3w1MzgyNzl8MHwxfGNvbGxlY3Rpb258NTd8TjR3RE9pZUlBd2d8fHx8fDJ8fDE3MDIwMDU4OTF8&ixlib=rb-4.0.3&q=80&w=200', 'small_s3': 'https://s3.us-west-2.amazonaws.com/images.unsplash.com/small/photo-1515038012799-3d47a3688ca9'}"
Tw4m2-BEY2A,"{'raw': 'https://images.unsplash.com/photo-1581875598938-cac706391c98?ixid=M3w1MzgyNzl8MHwxfGNvbGxlY3Rpb258NTh8TjR3RE9pZUlBd2d8fHx8fDJ8fDE3MDIwMDU4OTF8&ixlib=rb-4.0.3', 'full': 'https://images.unsplash.com/photo-1581875598938-cac706391c98?crop=entropy&cs=srgb&fm=jpg&ixid=M3w1MzgyNzl8MHwxfGNvbGxlY3Rpb258NTh8TjR3RE9pZUlBd2d8fHx8fDJ8fDE3MDIwMDU4OTF8&ixlib=rb-4.0.3&q=85', 'regular': 'https://images.unsplash.com/photo-1581875598938-cac706391c98?crop=entropy&cs=tinysrgb&fit=max&fm=jpg&ixid=M3w1MzgyNzl8MHwxfGNvbGxlY3Rpb258NTh8TjR3RE9pZUlBd2d8fHx8fDJ8fDE3MDIwMDU4OTF8&ixlib=rb-4.0.3&q=80&w=1080', 'small': 'https://images.unsplash.com/photo-1581875598938-cac706391c98?crop=entropy&cs=tinysrgb&fit=max&fm=jpg&ixid=M3w1MzgyNzl8MHwxfGNvbGxlY3Rpb258NTh8TjR3RE9pZUlBd2d8fHx8fDJ8fDE3MDIwMDU4OTF8&ixlib=rb-4.0.3&q=80&w=400', 'thumb': 'https://images.unsplash.com/photo-1581875598938-cac706391c98?crop=entropy&cs=tinysrgb&fit=max&fm=jpg&ixid=M3w1MzgyNzl8MHwxfGNvbGxlY3Rpb258NTh8TjR3RE9pZUlBd2d8fHx8fDJ8fDE3MDIwMDU4OTF8&ixlib=rb-4.0.3&q=80&w=200', 'small_s3': 'https://s3.us-west-2.amazonaws.com/images.unsplash.com/small/photo-1581875598938-cac706391c98'}"
kqh5_9hzAhY,"{'raw': 'https://images.unsplash.com/photo-1625446635010-75301acee8d9?ixid=M3w1MzgyNzl8MHwxfGNvbGxlY3Rpb258NTl8TjR3RE9pZUlBd2d8fHx8fDJ8fDE3MDIwMDU4OTF8&ixlib=rb-4.0.3', 'full': 'https://images.unsplash.com/photo-1625446635010-75301acee8d9?crop=entropy&cs=srgb&fm=jpg&ixid=M3w1MzgyNzl8MHwxfGNvbGxlY3Rpb258NTl8TjR3RE9pZUlBd2d8fHx8fDJ8fDE3MDIwMDU4OTF8&ixlib=rb-4.0.3&q=85', 'regular': 'https://images.unsplash.com/photo-1625446635010-75301acee8d9?crop=entropy&cs=tinysrgb&fit=max&fm=jpg&ixid=M3w1MzgyNzl8MHwxfGNvbGxlY3Rpb258NTl8TjR3RE9pZUlBd2d8fHx8fDJ8fDE3MDIwMDU4OTF8&ixlib=rb-4.0.3&q=80&w=1080', 'small': 'https://images.unsplash.com/photo-1625446635010-75301acee8d9?crop=entropy&cs=tinysrgb&fit=max&fm=jpg&ixid=M3w1MzgyNzl8MHwxfGNvbGxlY3Rpb258NTl8TjR3RE9pZUlBd2d8fHx8fDJ8fDE3MDIwMDU4OTF8&ixlib=rb-4.0.3&q=80&w=400', 'thumb': 'https://images.unsplash.com/photo-1625446635010-75301acee8d9?crop=entropy&cs=tinysrgb&fit=max&fm=jpg&ixid=M3w1MzgyNzl8MHwxfGNvbGxlY3Rpb258NTl8TjR3RE9pZUlBd2d8fHx8fDJ8fDE3MDIwMDU4OTF8&ixlib=rb-4.0.3&q=80&w=200', 'small_s3': 'https://s3.us-west-2.amazonaws.com/images.unsplash.com/small/photo-1625446635010-75301acee8d9'}"
Qo7Fi_-v9D8,"{'raw': 'https://images.unsplash.com/photo-1611078076113-6d243904552a?ixid=M3w1MzgyNzl8MHwxfGNvbGxlY3Rpb258NjB8TjR3RE9pZUlBd2d8fHx8fDJ8fDE3MDIwMDU4OTF8&ixlib=rb-4.0.3', 'full': 'https://images.unsplash.com/photo-1611078076113-6d243904552a?crop=entropy&cs=srgb&fm=jpg&ixid=M3w1MzgyNzl8MHwxfGNvbGxlY3Rpb258NjB8TjR3RE9pZUlBd2d8fHx8fDJ8fDE3MDIwMDU4OTF8&ixlib=rb-4.0.3&q=85', 'regular': 'https://images.unsplash.com/photo-1611078076113-6d243904552a?crop=entropy&cs=tinysrgb&fit=max&fm=jpg&ixid=M3w1MzgyNzl8MHwxfGNvbGxlY3Rpb258NjB8TjR3RE9pZUlBd2d8fHx8fDJ8fDE3MDIwMDU4OTF8&ixlib=rb-4.0.3&q=80&w=1080', 'small': 'https://images.unsplash.com/photo-1611078076113-6d243904552a?crop=entropy&cs=tinysrgb&fit=max&fm=jpg&ixid=M3w1MzgyNzl8MHwxfGNvbGxlY3Rpb258NjB8TjR3RE9pZUlBd2d8fHx8fDJ8fDE3MDIwMDU4OTF8&ixlib=rb-4.0.3&q=80&w=400', 'thumb': 'https://images.unsplash.com/photo-1611078076113-6d243904552a?crop=entropy&cs=tinysrgb&fit=max&fm=jpg&ixid=M3w1MzgyNzl8MHwxfGNvbGxlY3Rpb258NjB8TjR3RE9pZUlBd2d8fHx8fDJ8fDE3MDIwMDU4OTF8&ixlib=rb-4.0.3&q=80&w=200', 'small_s3': 'https://s3.us-west-2.amazonaws.com/images.unsplash.com/small/photo-1611078076113-6d243904552a'}"
RaQiPwKaa4I,"{'raw': 'https://images.unsplash.com/photo-1587244233244-0d707dc4f765?ixid=M3w1MzgyNzl8MHwxfGNvbGxlY3Rpb258NjF8TjR3RE9pZUlBd2d8fHx8fDJ8fDE3MDIwMDU4OTJ8&ixlib=rb-4.0.3', 'full': 'https://images.unsplash.com/photo-1587244233244-0d707dc4f765?crop=entropy&cs=srgb&fm=jpg&ixid=M3w1MzgyNzl8MHwxfGNvbGxlY3Rpb258NjF8TjR3RE9pZUlBd2d8fHx8fDJ8fDE3MDIwMDU4OTJ8&ixlib=rb-4.0.3&q=85', 'regular': 'https://images.unsplash.com/photo-1587244233244-0d707dc4f765?crop=entropy&cs=tinysrgb&fit=max&fm=jpg&ixid=M3w1MzgyNzl8MHwxfGNvbGxlY3Rpb258NjF8TjR3RE9pZUlBd2d8fHx8fDJ8fDE3MDIwMDU4OTJ8&ixlib=rb-4.0.3&q=80&w=1080', 'small': 'https://images.unsplash.com/photo-1587244233244-0d707dc4f765?crop=entropy&cs=tinysrgb&fit=max&fm=jpg&ixid=M3w1MzgyNzl8MHwxfGNvbGxlY3Rpb258NjF8TjR3RE9pZUlBd2d8fHx8fDJ8fDE3MDIwMDU4OTJ8&ixlib=rb-4.0.3&q=80&w=400', 'thumb': 'https://images.unsplash.com/photo-1587244233244-0d707dc4f765?crop=entropy&cs=tinysrgb&fit=max&fm=jpg&ixid=M3w1MzgyNzl8MHwxfGNvbGxlY3Rpb258NjF8TjR3RE9pZUlBd2d8fHx8fDJ8fDE3MDIwMDU4OTJ8&ixlib=rb-4.0.3&q=80&w=200', 'small_s3': 'https://s3.us-west-2.amazonaws.com/images.unsplash.com/small/photo-1587244233244-0d707dc4f765'}"
D6imFax8z3Q,"{'raw': 'https://images.unsplash.com/photo-1631800960705-797ffc3719e2?ixid=M3w1MzgyNzl8MHwxfGNvbGxlY3Rpb258NjJ8TjR3RE9pZUlBd2d8fHx8fDJ8fDE3MDIwMDU4OTJ8&ixlib=rb-4.0.3', 'full': 'https://images.unsplash.com/photo-1631800960705-797ffc3719e2?crop=entropy&cs=srgb&fm=jpg&ixid=M3w1MzgyNzl8MHwxfGNvbGxlY3Rpb258NjJ8TjR3RE9pZUlBd2d8fHx8fDJ8fDE3MDIwMDU4OTJ8&ixlib=rb-4.0.3&q=85', 'regular': 'https://images.unsplash.com/photo-1631800960705-797ffc3719e2?crop=entropy&cs=tinysrgb&fit=max&fm=jpg&ixid=M3w1MzgyNzl8MHwxfGNvbGxlY3Rpb258NjJ8TjR3RE9pZUlBd2d8fHx8fDJ8fDE3MDIwMDU4OTJ8&ixlib=rb-4.0.3&q=80&w=1080', 'small': 'https://images.unsplash.com/photo-1631800960705-797ffc3719e2?crop=entropy&cs=tinysrgb&fit=max&fm=jpg&ixid=M3w1MzgyNzl8MHwxfGNvbGxlY3Rpb258NjJ8TjR3RE9pZUlBd2d8fHx8fDJ8fDE3MDIwMDU4OTJ8&ixlib=rb-4.0.3&q=80&w=400', 'thumb': 'https://images.unsplash.com/photo-1631800960705-797ffc3719e2?crop=entropy&cs=tinysrgb&fit=max&fm=jpg&ixid=M3w1MzgyNzl8MHwxfGNvbGxlY3Rpb258NjJ8TjR3RE9pZUlBd2d8fHx8fDJ8fDE3MDIwMDU4OTJ8&ixlib=rb-4.0.3&q=80&w=200', 'small_s3': 'https://s3.us-west-2.amazonaws.com/images.unsplash.com/small/photo-1631800960705-797ffc3719e2'}"
99QFzhPTbUI,"{'raw': 'https://images.unsplash.com/photo-1631801010037-ae6f2c0b9307?ixid=M3w1MzgyNzl8MHwxfGNvbGxlY3Rpb258NjN8TjR3RE9pZUlBd2d8fHx8fDJ8fDE3MDIwMDU4OTJ8&ixlib=rb-4.0.3', 'full': 'https://images.unsplash.com/photo-1631801010037-ae6f2c0b9307?crop=entropy&cs=srgb&fm=jpg&ixid=M3w1MzgyNzl8MHwxfGNvbGxlY3Rpb258NjN8TjR3RE9pZUlBd2d8fHx8fDJ8fDE3MDIwMDU4OTJ8&ixlib=rb-4.0.3&q=85', 'regular': 'https://images.unsplash.com/photo-1631801010037-ae6f2c0b9307?crop=entropy&cs=tinysrgb&fit=max&fm=jpg&ixid=M3w1MzgyNzl8MHwxfGNvbGxlY3Rpb258NjN8TjR3RE9pZUlBd2d8fHx8fDJ8fDE3MDIwMDU4OTJ8&ixlib=rb-4.0.3&q=80&w=1080', 'small': 'https://images.unsplash.com/photo-1631801010037-ae6f2c0b9307?crop=entropy&cs=tinysrgb&fit=max&fm=jpg&ixid=M3w1MzgyNzl8MHwxfGNvbGxlY3Rpb258NjN8TjR3RE9pZUlBd2d8fHx8fDJ8fDE3MDIwMDU4OTJ8&ixlib=rb-4.0.3&q=80&w=400', 'thumb': 'https://images.unsplash.com/photo-1631801010037-ae6f2c0b9307?crop=entropy&cs=tinysrgb&fit=max&fm=jpg&ixid=M3w1MzgyNzl8MHwxfGNvbGxlY3Rpb258NjN8TjR3RE9pZUlBd2d8fHx8fDJ8fDE3MDIwMDU4OTJ8&ixlib=rb-4.0.3&q=80&w=200', 'small_s3': 'https://s3.us-west-2.amazonaws.com/images.unsplash.com/small/photo-1631801010037-ae6f2c0b9307'}"
eGPlT_RXzi8,"{'raw': 'https://images.unsplash.com/photo-1514944617518-12c7891ec602?ixid=M3w1MzgyNzl8MHwxfGNvbGxlY3Rpb258NjR8TjR3RE9pZUlBd2d8fHx8fDJ8fDE3MDIwMDU4OTJ8&ixlib=rb-4.0.3', 'full': 'https://images.unsplash.com/photo-1514944617518-12c7891ec602?crop=entropy&cs=srgb&fm=jpg&ixid=M3w1MzgyNzl8MHwxfGNvbGxlY3Rpb258NjR8TjR3RE9pZUlBd2d8fHx8fDJ8fDE3MDIwMDU4OTJ8&ixlib=rb-4.0.3&q=85', 'regular': 'https://images.unsplash.com/photo-1514944617518-12c7891ec602?crop=entropy&cs=tinysrgb&fit=max&fm=jpg&ixid=M3w1MzgyNzl8MHwxfGNvbGxlY3Rpb258NjR8TjR3RE9pZUlBd2d8fHx8fDJ8fDE3MDIwMDU4OTJ8&ixlib=rb-4.0.3&q=80&w=1080', 'small': 'https://images.unsplash.com/photo-1514944617518-12c7891ec602?crop=entropy&cs=tinysrgb&fit=max&fm=jpg&ixid=M3w1MzgyNzl8MHwxfGNvbGxlY3Rpb258NjR8TjR3RE9pZUlBd2d8fHx8fDJ8fDE3MDIwMDU4OTJ8&ixlib=rb-4.0.3&q=80&w=400', 'thumb': 'https://images.unsplash.com/photo-1514944617518-12c7891ec602?crop=entropy&cs=tinysrgb&fit=max&fm=jpg&ixid=M3w1MzgyNzl8MHwxfGNvbGxlY3Rpb258NjR8TjR3RE9pZUlBd2d8fHx8fDJ8fDE3MDIwMDU4OTJ8&ixlib=rb-4.0.3&q=80&w=200', 'small_s3': 'https://s3.us-west-2.amazonaws.com/images.unsplash.com/small/photo-1514944617518-12c7891ec602'}"
VQ6MhEG2Asc,"{'raw': 'https://images.unsplash.com/photo-1587406142264-bbda44fc1372?ixid=M3w1MzgyNzl8MHwxfGNvbGxlY3Rpb258NjV8TjR3RE9pZUlBd2d8fHx8fDJ8fDE3MDIwMDU4OTJ8&ixlib=rb-4.0.3', 'full': 'https://images.unsplash.com/photo-1587406142264-bbda44fc1372?crop=entropy&cs=srgb&fm=jpg&ixid=M3w1MzgyNzl8MHwxfGNvbGxlY3Rpb258NjV8TjR3RE9pZUlBd2d8fHx8fDJ8fDE3MDIwMDU4OTJ8&ixlib=rb-4.0.3&q=85', 'regular': 'https://images.unsplash.com/photo-1587406142264-bbda44fc1372?crop=entropy&cs=tinysrgb&fit=max&fm=jpg&ixid=M3w1MzgyNzl8MHwxfGNvbGxlY3Rpb258NjV8TjR3RE9pZUlBd2d8fHx8fDJ8fDE3MDIwMDU4OTJ8&ixlib=rb-4.0.3&q=80&w=1080', 'small': 'https://images.unsplash.com/photo-1587406142264-bbda44fc1372?crop=entropy&cs=tinysrgb&fit=max&fm=jpg&ixid=M3w1MzgyNzl8MHwxfGNvbGxlY3Rpb258NjV8TjR3RE9pZUlBd2d8fHx8fDJ8fDE3MDIwMDU4OTJ8&ixlib=rb-4.0.3&q=80&w=400', 'thumb': 'https://images.unsplash.com/photo-1587406142264-bbda44fc1372?crop=entropy&cs=tinysrgb&fit=max&fm=jpg&ixid=M3w1MzgyNzl8MHwxfGNvbGxlY3Rpb258NjV8TjR3RE9pZUlBd2d8fHx8fDJ8fDE3MDIwMDU4OTJ8&ixlib=rb-4.0.3&q=80&w=200', 'small_s3': 'https://s3.us-west-2.amazonaws.com/images.unsplash.com/small/photo-1587406142264-bbda44fc1372'}"
edmQ4zE5fx0,"{'raw': 'https://images.unsplash.com/photo-1605574950069-fce2272b13e8?ixid=M3w1MzgyNzl8MHwxfGNvbGxlY3Rpb258NjZ8TjR3RE9pZUlBd2d8fHx8fDJ8fDE3MDIwMDU4OTJ8&ixlib=rb-4.0.3', 'full': 'https://images.unsplash.com/photo-1605574950069-fce2272b13e8?crop=entropy&cs=srgb&fm=jpg&ixid=M3w1MzgyNzl8MHwxfGNvbGxlY3Rpb258NjZ8TjR3RE9pZUlBd2d8fHx8fDJ8fDE3MDIwMDU4OTJ8&ixlib=rb-4.0.3&q=85', 'regular': 'https://images.unsplash.com/photo-1605574950069-fce2272b13e8?crop=entropy&cs=tinysrgb&fit=max&fm=jpg&ixid=M3w1MzgyNzl8MHwxfGNvbGxlY3Rpb258NjZ8TjR3RE9pZUlBd2d8fHx8fDJ8fDE3MDIwMDU4OTJ8&ixlib=rb-4.0.3&q=80&w=1080', 'small': 'https://images.unsplash.com/photo-1605574950069-fce2272b13e8?crop=entropy&cs=tinysrgb&fit=max&fm=jpg&ixid=M3w1MzgyNzl8MHwxfGNvbGxlY3Rpb258NjZ8TjR3RE9pZUlBd2d8fHx8fDJ8fDE3MDIwMDU4OTJ8&ixlib=rb-4.0.3&q=80&w=400', 'thumb': 'https://images.unsplash.com/photo-1605574950069-fce2272b13e8?crop=entropy&cs=tinysrgb&fit=max&fm=jpg&ixid=M3w1MzgyNzl8MHwxfGNvbGxlY3Rpb258NjZ8TjR3RE9pZUlBd2d8fHx8fDJ8fDE3MDIwMDU4OTJ8&ixlib=rb-4.0.3&q=80&w=200', 'small_s3': 'https://s3.us-west-2.amazonaws.com/images.unsplash.com/small/photo-1605574950069-fce2272b13e8'}"
4Fhjudf0mXA,"{'raw': 'https://images.unsplash.com/photo-1530403221459-c2a0bd5e4c77?ixid=M3w1MzgyNzl8MHwxfGNvbGxlY3Rpb258Njd8TjR3RE9pZUlBd2d8fHx8fDJ8fDE3MDIwMDU4OTJ8&ixlib=rb-4.0.3', 'full': 'https://images.unsplash.com/photo-1530403221459-c2a0bd5e4c77?crop=entropy&cs=srgb&fm=jpg&ixid=M3w1MzgyNzl8MHwxfGNvbGxlY3Rpb258Njd8TjR3RE9pZUlBd2d8fHx8fDJ8fDE3MDIwMDU4OTJ8&ixlib=rb-4.0.3&q=85', 'regular': 'https://images.unsplash.com/photo-1530403221459-c2a0bd5e4c77?crop=entropy&cs=tinysrgb&fit=max&fm=jpg&ixid=M3w1MzgyNzl8MHwxfGNvbGxlY3Rpb258Njd8TjR3RE9pZUlBd2d8fHx8fDJ8fDE3MDIwMDU4OTJ8&ixlib=rb-4.0.3&q=80&w=1080', 'small': 'https://images.unsplash.com/photo-1530403221459-c2a0bd5e4c77?crop=entropy&cs=tinysrgb&fit=max&fm=jpg&ixid=M3w1MzgyNzl8MHwxfGNvbGxlY3Rpb258Njd8TjR3RE9pZUlBd2d8fHx8fDJ8fDE3MDIwMDU4OTJ8&ixlib=rb-4.0.3&q=80&w=400', 'thumb': 'https://images.unsplash.com/photo-1530403221459-c2a0bd5e4c77?crop=entropy&cs=tinysrgb&fit=max&fm=jpg&ixid=M3w1MzgyNzl8MHwxfGNvbGxlY3Rpb258Njd8TjR3RE9pZUlBd2d8fHx8fDJ8fDE3MDIwMDU4OTJ8&ixlib=rb-4.0.3&q=80&w=200', 'small_s3': 'https://s3.us-west-2.amazonaws.com/images.unsplash.com/small/photo-1530403221459-c2a0bd5e4c77'}"
ULDG3bsuibY,"{'raw': 'https://images.unsplash.com/photo-1590818612486-6b1a277a6601?ixid=M3w1MzgyNzl8MHwxfGNvbGxlY3Rpb258Njh8TjR3RE9pZUlBd2d8fHx8fDJ8fDE3MDIwMDU4OTJ8&ixlib=rb-4.0.3', 'full': 'https://images.unsplash.com/photo-1590818612486-6b1a277a6601?crop=entropy&cs=srgb&fm=jpg&ixid=M3w1MzgyNzl8MHwxfGNvbGxlY3Rpb258Njh8TjR3RE9pZUlBd2d8fHx8fDJ8fDE3MDIwMDU4OTJ8&ixlib=rb-4.0.3&q=85', 'regular': 'https://images.unsplash.com/photo-1590818612486-6b1a277a6601?crop=entropy&cs=tinysrgb&fit=max&fm=jpg&ixid=M3w1MzgyNzl8MHwxfGNvbGxlY3Rpb258Njh8TjR3RE9pZUlBd2d8fHx8fDJ8fDE3MDIwMDU4OTJ8&ixlib=rb-4.0.3&q=80&w=1080', 'small': 'https://images.unsplash.com/photo-1590818612486-6b1a277a6601?crop=entropy&cs=tinysrgb&fit=max&fm=jpg&ixid=M3w1MzgyNzl8MHwxfGNvbGxlY3Rpb258Njh8TjR3RE9pZUlBd2d8fHx8fDJ8fDE3MDIwMDU4OTJ8&ixlib=rb-4.0.3&q=80&w=400', 'thumb': 'https://images.unsplash.com/photo-1590818612486-6b1a277a6601?crop=entropy&cs=tinysrgb&fit=max&fm=jpg&ixid=M3w1MzgyNzl8MHwxfGNvbGxlY3Rpb258Njh8TjR3RE9pZUlBd2d8fHx8fDJ8fDE3MDIwMDU4OTJ8&ixlib=rb-4.0.3&q=80&w=200', 'small_s3': 'https://s3.us-west-2.amazonaws.com/images.unsplash.com/small/photo-1590818612486-6b1a277a6601'}"
49_PpVFXbGg,"{'raw': 'https://images.unsplash.com/photo-1628004566999-83b23fdc411f?ixid=M3w1MzgyNzl8MHwxfGNvbGxlY3Rpb258Njl8TjR3RE9pZUlBd2d8fHx8fDJ8fDE3MDIwMDU4OTJ8&ixlib=rb-4.0.3', 'full': 'https://images.unsplash.com/photo-1628004566999-83b23fdc411f?crop=entropy&cs=srgb&fm=jpg&ixid=M3w1MzgyNzl8MHwxfGNvbGxlY3Rpb258Njl8TjR3RE9pZUlBd2d8fHx8fDJ8fDE3MDIwMDU4OTJ8&ixlib=rb-4.0.3&q=85', 'regular': 'https://images.unsplash.com/photo-1628004566999-83b23fdc411f?crop=entropy&cs=tinysrgb&fit=max&fm=jpg&ixid=M3w1MzgyNzl8MHwxfGNvbGxlY3Rpb258Njl8TjR3RE9pZUlBd2d8fHx8fDJ8fDE3MDIwMDU4OTJ8&ixlib=rb-4.0.3&q=80&w=1080', 'small': 'https://images.unsplash.com/photo-1628004566999-83b23fdc411f?crop=entropy&cs=tinysrgb&fit=max&fm=jpg&ixid=M3w1MzgyNzl8MHwxfGNvbGxlY3Rpb258Njl8TjR3RE9pZUlBd2d8fHx8fDJ8fDE3MDIwMDU4OTJ8&ixlib=rb-4.0.3&q=80&w=400', 'thumb': 'https://images.unsplash.com/photo-1628004566999-83b23fdc411f?crop=entropy&cs=tinysrgb&fit=max&fm=jpg&ixid=M3w1MzgyNzl8MHwxfGNvbGxlY3Rpb258Njl8TjR3RE9pZUlBd2d8fHx8fDJ8fDE3MDIwMDU4OTJ8&ixlib=rb-4.0.3&q=80&w=200', 'small_s3': 'https://s3.us-west-2.amazonaws.com/images.unsplash.com/small/photo-1628004566999-83b23fdc411f'}"
FzSqRiHtK5s,"{'raw': 'https://images.unsplash.com/photo-1627392728644-8630a9781b91?ixid=M3w1MzgyNzl8MHwxfGNvbGxlY3Rpb258NzB8TjR3RE9pZUlBd2d8fHx8fDJ8fDE3MDIwMDU4OTJ8&ixlib=rb-4.0.3', 'full': 'https://images.unsplash.com/photo-1627392728644-8630a9781b91?crop=entropy&cs=srgb&fm=jpg&ixid=M3w1MzgyNzl8MHwxfGNvbGxlY3Rpb258NzB8TjR3RE9pZUlBd2d8fHx8fDJ8fDE3MDIwMDU4OTJ8&ixlib=rb-4.0.3&q=85', 'regular': 'https://images.unsplash.com/photo-1627392728644-8630a9781b91?crop=entropy&cs=tinysrgb&fit=max&fm=jpg&ixid=M3w1MzgyNzl8MHwxfGNvbGxlY3Rpb258NzB8TjR3RE9pZUlBd2d8fHx8fDJ8fDE3MDIwMDU4OTJ8&ixlib=rb-4.0.3&q=80&w=1080', 'small': 'https://images.unsplash.com/photo-1627392728644-8630a9781b91?crop=entropy&cs=tinysrgb&fit=max&fm=jpg&ixid=M3w1MzgyNzl8MHwxfGNvbGxlY3Rpb258NzB8TjR3RE9pZUlBd2d8fHx8fDJ8fDE3MDIwMDU4OTJ8&ixlib=rb-4.0.3&q=80&w=400', 'thumb': 'https://images.unsplash.com/photo-1627392728644-8630a9781b91?crop=entropy&cs=tinysrgb&fit=max&fm=jpg&ixid=M3w1MzgyNzl8MHwxfGNvbGxlY3Rpb258NzB8TjR3RE9pZUlBd2d8fHx8fDJ8fDE3MDIwMDU4OTJ8&ixlib=rb-4.0.3&q=80&w=200', 'small_s3': 'https://s3.us-west-2.amazonaws.com/images.unsplash.com/small/photo-1627392728644-8630a9781b91'}"
jb6CdUUAR4g,"{'raw': 'https://images.unsplash.com/photo-1648345488569-e44d8e8a6b59?ixid=M3w1MzgyNzl8MHwxfGNvbGxlY3Rpb258NzF8TjR3RE9pZUlBd2d8fHx8fDJ8fDE3MDIwMDU4OTJ8&ixlib=rb-4.0.3', 'full': 'https://images.unsplash.com/photo-1648345488569-e44d8e8a6b59?crop=entropy&cs=srgb&fm=jpg&ixid=M3w1MzgyNzl8MHwxfGNvbGxlY3Rpb258NzF8TjR3RE9pZUlBd2d8fHx8fDJ8fDE3MDIwMDU4OTJ8&ixlib=rb-4.0.3&q=85', 'regular': 'https://images.unsplash.com/photo-1648345488569-e44d8e8a6b59?crop=entropy&cs=tinysrgb&fit=max&fm=jpg&ixid=M3w1MzgyNzl8MHwxfGNvbGxlY3Rpb258NzF8TjR3RE9pZUlBd2d8fHx8fDJ8fDE3MDIwMDU4OTJ8&ixlib=rb-4.0.3&q=80&w=1080', 'small': 'https://images.unsplash.com/photo-1648345488569-e44d8e8a6b59?crop=entropy&cs=tinysrgb&fit=max&fm=jpg&ixid=M3w1MzgyNzl8MHwxfGNvbGxlY3Rpb258NzF8TjR3RE9pZUlBd2d8fHx8fDJ8fDE3MDIwMDU4OTJ8&ixlib=rb-4.0.3&q=80&w=400', 'thumb': 'https://images.unsplash.com/photo-1648345488569-e44d8e8a6b59?crop=entropy&cs=tinysrgb&fit=max&fm=jpg&ixid=M3w1MzgyNzl8MHwxfGNvbGxlY3Rpb258NzF8TjR3RE9pZUlBd2d8fHx8fDJ8fDE3MDIwMDU4OTJ8&ixlib=rb-4.0.3&q=80&w=200', 'small_s3': 'https://s3.us-west-2.amazonaws.com/images.unsplash.com/small/photo-1648345488569-e44d8e8a6b59'}"
TOvN0iRR0pY,"{'raw': 'https://images.unsplash.com/photo-1592509008474-1281d9df4eab?ixid=M3w1MzgyNzl8MHwxfGNvbGxlY3Rpb258NzJ8TjR3RE9pZUlBd2d8fHx8fDJ8fDE3MDIwMDU4OTJ8&ixlib=rb-4.0.3', 'full': 'https://images.unsplash.com/photo-1592509008474-1281d9df4eab?crop=entropy&cs=srgb&fm=jpg&ixid=M3w1MzgyNzl8MHwxfGNvbGxlY3Rpb258NzJ8TjR3RE9pZUlBd2d8fHx8fDJ8fDE3MDIwMDU4OTJ8&ixlib=rb-4.0.3&q=85', 'regular': 'https://images.unsplash.com/photo-1592509008474-1281d9df4eab?crop=entropy&cs=tinysrgb&fit=max&fm=jpg&ixid=M3w1MzgyNzl8MHwxfGNvbGxlY3Rpb258NzJ8TjR3RE9pZUlBd2d8fHx8fDJ8fDE3MDIwMDU4OTJ8&ixlib=rb-4.0.3&q=80&w=1080', 'small': 'https://images.unsplash.com/photo-1592509008474-1281d9df4eab?crop=entropy&cs=tinysrgb&fit=max&fm=jpg&ixid=M3w1MzgyNzl8MHwxfGNvbGxlY3Rpb258NzJ8TjR3RE9pZUlBd2d8fHx8fDJ8fDE3MDIwMDU4OTJ8&ixlib=rb-4.0.3&q=80&w=400', 'thumb': 'https://images.unsplash.com/photo-1592509008474-1281d9df4eab?crop=entropy&cs=tinysrgb&fit=max&fm=jpg&ixid=M3w1MzgyNzl8MHwxfGNvbGxlY3Rpb258NzJ8TjR3RE9pZUlBd2d8fHx8fDJ8fDE3MDIwMDU4OTJ8&ixlib=rb-4.0.3&q=80&w=200', 'small_s3': 'https://s3.us-west-2.amazonaws.com/images.unsplash.com/small/photo-1592509008474-1281d9df4eab'}"
5rNREOp5zUU,"{'raw': 'https://images.unsplash.com/photo-1660962369901-2da4fa171753?ixid=M3w1MzgyNzl8MHwxfGNvbGxlY3Rpb258NzN8TjR3RE9pZUlBd2d8fHx8fDJ8fDE3MDIwMDU4OTJ8&ixlib=rb-4.0.3', 'full': 'https://images.unsplash.com/photo-1660962369901-2da4fa171753?crop=entropy&cs=srgb&fm=jpg&ixid=M3w1MzgyNzl8MHwxfGNvbGxlY3Rpb258NzN8TjR3RE9pZUlBd2d8fHx8fDJ8fDE3MDIwMDU4OTJ8&ixlib=rb-4.0.3&q=85', 'regular': 'https://images.unsplash.com/photo-1660962369901-2da4fa171753?crop=entropy&cs=tinysrgb&fit=max&fm=jpg&ixid=M3w1MzgyNzl8MHwxfGNvbGxlY3Rpb258NzN8TjR3RE9pZUlBd2d8fHx8fDJ8fDE3MDIwMDU4OTJ8&ixlib=rb-4.0.3&q=80&w=1080', 'small': 'https://images.unsplash.com/photo-1660962369901-2da4fa171753?crop=entropy&cs=tinysrgb&fit=max&fm=jpg&ixid=M3w1MzgyNzl8MHwxfGNvbGxlY3Rpb258NzN8TjR3RE9pZUlBd2d8fHx8fDJ8fDE3MDIwMDU4OTJ8&ixlib=rb-4.0.3&q=80&w=400', 'thumb': 'https://images.unsplash.com/photo-1660962369901-2da4fa171753?crop=entropy&cs=tinysrgb&fit=max&fm=jpg&ixid=M3w1MzgyNzl8MHwxfGNvbGxlY3Rpb258NzN8TjR3RE9pZUlBd2d8fHx8fDJ8fDE3MDIwMDU4OTJ8&ixlib=rb-4.0.3&q=80&w=200', 'small_s3': 'https://s3.us-west-2.amazonaws.com/images.unsplash.com/small/photo-1660962369901-2da4fa171753'}"
4Bt-_fDpyws,"{'raw': 'https://images.unsplash.com/photo-1504037307760-451759489ac9?ixid=M3w1MzgyNzl8MHwxfGNvbGxlY3Rpb258NzR8TjR3RE9pZUlBd2d8fHx8fDJ8fDE3MDIwMDU4OTJ8&ixlib=rb-4.0.3', 'full': 'https://images.unsplash.com/photo-1504037307760-451759489ac9?crop=entropy&cs=srgb&fm=jpg&ixid=M3w1MzgyNzl8MHwxfGNvbGxlY3Rpb258NzR8TjR3RE9pZUlBd2d8fHx8fDJ8fDE3MDIwMDU4OTJ8&ixlib=rb-4.0.3&q=85', 'regular': 'https://images.unsplash.com/photo-1504037307760-451759489ac9?crop=entropy&cs=tinysrgb&fit=max&fm=jpg&ixid=M3w1MzgyNzl8MHwxfGNvbGxlY3Rpb258NzR8TjR3RE9pZUlBd2d8fHx8fDJ8fDE3MDIwMDU4OTJ8&ixlib=rb-4.0.3&q=80&w=1080', 'small': 'https://images.unsplash.com/photo-1504037307760-451759489ac9?crop=entropy&cs=tinysrgb&fit=max&fm=jpg&ixid=M3w1MzgyNzl8MHwxfGNvbGxlY3Rpb258NzR8TjR3RE9pZUlBd2d8fHx8fDJ8fDE3MDIwMDU4OTJ8&ixlib=rb-4.0.3&q=80&w=400', 'thumb': 'https://images.unsplash.com/photo-1504037307760-451759489ac9?crop=entropy&cs=tinysrgb&fit=max&fm=jpg&ixid=M3w1MzgyNzl8MHwxfGNvbGxlY3Rpb258NzR8TjR3RE9pZUlBd2d8fHx8fDJ8fDE3MDIwMDU4OTJ8&ixlib=rb-4.0.3&q=80&w=200', 'small_s3': 'https://s3.us-west-2.amazonaws.com/images.unsplash.com/small/photo-1504037307760-451759489ac9'}"
oN4h_07E0KQ,"{'raw': 'https://images.unsplash.com/photo-1504037738139-b281049f760e?ixid=M3w1MzgyNzl8MHwxfGNvbGxlY3Rpb258NzV8TjR3RE9pZUlBd2d8fHx8fDJ8fDE3MDIwMDU4OTJ8&ixlib=rb-4.0.3', 'full': 'https://images.unsplash.com/photo-1504037738139-b281049f760e?crop=entropy&cs=srgb&fm=jpg&ixid=M3w1MzgyNzl8MHwxfGNvbGxlY3Rpb258NzV8TjR3RE9pZUlBd2d8fHx8fDJ8fDE3MDIwMDU4OTJ8&ixlib=rb-4.0.3&q=85', 'regular': 'https://images.unsplash.com/photo-1504037738139-b281049f760e?crop=entropy&cs=tinysrgb&fit=max&fm=jpg&ixid=M3w1MzgyNzl8MHwxfGNvbGxlY3Rpb258NzV8TjR3RE9pZUlBd2d8fHx8fDJ8fDE3MDIwMDU4OTJ8&ixlib=rb-4.0.3&q=80&w=1080', 'small': 'https://images.unsplash.com/photo-1504037738139-b281049f760e?crop=entropy&cs=tinysrgb&fit=max&fm=jpg&ixid=M3w1MzgyNzl8MHwxfGNvbGxlY3Rpb258NzV8TjR3RE9pZUlBd2d8fHx8fDJ8fDE3MDIwMDU4OTJ8&ixlib=rb-4.0.3&q=80&w=400', 'thumb': 'https://images.unsplash.com/photo-1504037738139-b281049f760e?crop=entropy&cs=tinysrgb&fit=max&fm=jpg&ixid=M3w1MzgyNzl8MHwxfGNvbGxlY3Rpb258NzV8TjR3RE9pZUlBd2d8fHx8fDJ8fDE3MDIwMDU4OTJ8&ixlib=rb-4.0.3&q=80&w=200', 'small_s3': 'https://s3.us-west-2.amazonaws.com/images.unsplash.com/small/photo-1504037738139-b281049f760e'}"
hKce0qafryw,"{'raw': 'https://images.unsplash.com/photo-1616547141797-6d3e52242d16?ixid=M3w1MzgyNzl8MHwxfGNvbGxlY3Rpb258NzZ8TjR3RE9pZUlBd2d8fHx8fDJ8fDE3MDIwMDU4OTJ8&ixlib=rb-4.0.3', 'full': 'https://images.unsplash.com/photo-1616547141797-6d3e52242d16?crop=entropy&cs=srgb&fm=jpg&ixid=M3w1MzgyNzl8MHwxfGNvbGxlY3Rpb258NzZ8TjR3RE9pZUlBd2d8fHx8fDJ8fDE3MDIwMDU4OTJ8&ixlib=rb-4.0.3&q=85', 'regular': 'https://images.unsplash.com/photo-1616547141797-6d3e52242d16?crop=entropy&cs=tinysrgb&fit=max&fm=jpg&ixid=M3w1MzgyNzl8MHwxfGNvbGxlY3Rpb258NzZ8TjR3RE9pZUlBd2d8fHx8fDJ8fDE3MDIwMDU4OTJ8&ixlib=rb-4.0.3&q=80&w=1080', 'small': 'https://images.unsplash.com/photo-1616547141797-6d3e52242d16?crop=entropy&cs=tinysrgb&fit=max&fm=jpg&ixid=M3w1MzgyNzl8MHwxfGNvbGxlY3Rpb258NzZ8TjR3RE9pZUlBd2d8fHx8fDJ8fDE3MDIwMDU4OTJ8&ixlib=rb-4.0.3&q=80&w=400', 'thumb': 'https://images.unsplash.com/photo-1616547141797-6d3e52242d16?crop=entropy&cs=tinysrgb&fit=max&fm=jpg&ixid=M3w1MzgyNzl8MHwxfGNvbGxlY3Rpb258NzZ8TjR3RE9pZUlBd2d8fHx8fDJ8fDE3MDIwMDU4OTJ8&ixlib=rb-4.0.3&q=80&w=200', 'small_s3': 'https://s3.us-west-2.amazonaws.com/images.unsplash.com/small/photo-1616547141797-6d3e52242d16'}"
GWpqLP2OfV0,"{'raw': 'https://images.unsplash.com/photo-1592240820045-1402ee0666cf?ixid=M3w1MzgyNzl8MHwxfGNvbGxlY3Rpb258Nzd8TjR3RE9pZUlBd2d8fHx8fDJ8fDE3MDIwMDU4OTJ8&ixlib=rb-4.0.3', 'full': 'https://images.unsplash.com/photo-1592240820045-1402ee0666cf?crop=entropy&cs=srgb&fm=jpg&ixid=M3w1MzgyNzl8MHwxfGNvbGxlY3Rpb258Nzd8TjR3RE9pZUlBd2d8fHx8fDJ8fDE3MDIwMDU4OTJ8&ixlib=rb-4.0.3&q=85', 'regular': 'https://images.unsplash.com/photo-1592240820045-1402ee0666cf?crop=entropy&cs=tinysrgb&fit=max&fm=jpg&ixid=M3w1MzgyNzl8MHwxfGNvbGxlY3Rpb258Nzd8TjR3RE9pZUlBd2d8fHx8fDJ8fDE3MDIwMDU4OTJ8&ixlib=rb-4.0.3&q=80&w=1080', 'small': 'https://images.unsplash.com/photo-1592240820045-1402ee0666cf?crop=entropy&cs=tinysrgb&fit=max&fm=jpg&ixid=M3w1MzgyNzl8MHwxfGNvbGxlY3Rpb258Nzd8TjR3RE9pZUlBd2d8fHx8fDJ8fDE3MDIwMDU4OTJ8&ixlib=rb-4.0.3&q=80&w=400', 'thumb': 'https://images.unsplash.com/photo-1592240820045-1402ee0666cf?crop=entropy&cs=tinysrgb&fit=max&fm=jpg&ixid=M3w1MzgyNzl8MHwxfGNvbGxlY3Rpb258Nzd8TjR3RE9pZUlBd2d8fHx8fDJ8fDE3MDIwMDU4OTJ8&ixlib=rb-4.0.3&q=80&w=200', 'small_s3': 'https://s3.us-west-2.amazonaws.com/images.unsplash.com/small/photo-1592240820045-1402ee0666cf'}"
EsAYLuSDmCo,"{'raw': 'https://images.unsplash.com/photo-1592509008383-567d5f888ee9?ixid=M3w1MzgyNzl8MHwxfGNvbGxlY3Rpb258Nzh8TjR3RE9pZUlBd2d8fHx8fDJ8fDE3MDIwMDU4OTJ8&ixlib=rb-4.0.3', 'full': 'https://images.unsplash.com/photo-1592509008383-567d5f888ee9?crop=entropy&cs=srgb&fm=jpg&ixid=M3w1MzgyNzl8MHwxfGNvbGxlY3Rpb258Nzh8TjR3RE9pZUlBd2d8fHx8fDJ8fDE3MDIwMDU4OTJ8&ixlib=rb-4.0.3&q=85', 'regular': 'https://images.unsplash.com/photo-1592509008383-567d5f888ee9?crop=entropy&cs=tinysrgb&fit=max&fm=jpg&ixid=M3w1MzgyNzl8MHwxfGNvbGxlY3Rpb258Nzh8TjR3RE9pZUlBd2d8fHx8fDJ8fDE3MDIwMDU4OTJ8&ixlib=rb-4.0.3&q=80&w=1080', 'small': 'https://images.unsplash.com/photo-1592509008383-567d5f888ee9?crop=entropy&cs=tinysrgb&fit=max&fm=jpg&ixid=M3w1MzgyNzl8MHwxfGNvbGxlY3Rpb258Nzh8TjR3RE9pZUlBd2d8fHx8fDJ8fDE3MDIwMDU4OTJ8&ixlib=rb-4.0.3&q=80&w=400', 'thumb': 'https://images.unsplash.com/photo-1592509008383-567d5f888ee9?crop=entropy&cs=tinysrgb&fit=max&fm=jpg&ixid=M3w1MzgyNzl8MHwxfGNvbGxlY3Rpb258Nzh8TjR3RE9pZUlBd2d8fHx8fDJ8fDE3MDIwMDU4OTJ8&ixlib=rb-4.0.3&q=80&w=200', 'small_s3': 'https://s3.us-west-2.amazonaws.com/images.unsplash.com/small/photo-1592509008383-567d5f888ee9'}"
EOFUPSOYApc,"{'raw': 'https://images.unsplash.com/photo-1610226977124-9fd2755d09f2?ixid=M3w1MzgyNzl8MHwxfGNvbGxlY3Rpb258Nzl8TjR3RE9pZUlBd2d8fHx8fDJ8fDE3MDIwMDU4OTJ8&ixlib=rb-4.0.3', 'full': 'https://images.unsplash.com/photo-1610226977124-9fd2755d09f2?crop=entropy&cs=srgb&fm=jpg&ixid=M3w1MzgyNzl8MHwxfGNvbGxlY3Rpb258Nzl8TjR3RE9pZUlBd2d8fHx8fDJ8fDE3MDIwMDU4OTJ8&ixlib=rb-4.0.3&q=85', 'regular': 'https://images.unsplash.com/photo-1610226977124-9fd2755d09f2?crop=entropy&cs=tinysrgb&fit=max&fm=jpg&ixid=M3w1MzgyNzl8MHwxfGNvbGxlY3Rpb258Nzl8TjR3RE9pZUlBd2d8fHx8fDJ8fDE3MDIwMDU4OTJ8&ixlib=rb-4.0.3&q=80&w=1080', 'small': 'https://images.unsplash.com/photo-1610226977124-9fd2755d09f2?crop=entropy&cs=tinysrgb&fit=max&fm=jpg&ixid=M3w1MzgyNzl8MHwxfGNvbGxlY3Rpb258Nzl8TjR3RE9pZUlBd2d8fHx8fDJ8fDE3MDIwMDU4OTJ8&ixlib=rb-4.0.3&q=80&w=400', 'thumb': 'https://images.unsplash.com/photo-1610226977124-9fd2755d09f2?crop=entropy&cs=tinysrgb&fit=max&fm=jpg&ixid=M3w1MzgyNzl8MHwxfGNvbGxlY3Rpb258Nzl8TjR3RE9pZUlBd2d8fHx8fDJ8fDE3MDIwMDU4OTJ8&ixlib=rb-4.0.3&q=80&w=200', 'small_s3': 'https://s3.us-west-2.amazonaws.com/images.unsplash.com/small/photo-1610226977124-9fd2755d09f2'}"
Xn-VRARmKGk,"{'raw': 'https://images.unsplash.com/photo-1523911994826-b13e77719144?ixid=M3w1MzgyNzl8MHwxfGNvbGxlY3Rpb258ODB8TjR3RE9pZUlBd2d8fHx8fDJ8fDE3MDIwMDU4OTJ8&ixlib=rb-4.0.3', 'full': 'https://images.unsplash.com/photo-1523911994826-b13e77719144?crop=entropy&cs=srgb&fm=jpg&ixid=M3w1MzgyNzl8MHwxfGNvbGxlY3Rpb258ODB8TjR3RE9pZUlBd2d8fHx8fDJ8fDE3MDIwMDU4OTJ8&ixlib=rb-4.0.3&q=85', 'regular': 'https://images.unsplash.com/photo-1523911994826-b13e77719144?crop=entropy&cs=tinysrgb&fit=max&fm=jpg&ixid=M3w1MzgyNzl8MHwxfGNvbGxlY3Rpb258ODB8TjR3RE9pZUlBd2d8fHx8fDJ8fDE3MDIwMDU4OTJ8&ixlib=rb-4.0.3&q=80&w=1080', 'small': 'https://images.unsplash.com/photo-1523911994826-b13e77719144?crop=entropy&cs=tinysrgb&fit=max&fm=jpg&ixid=M3w1MzgyNzl8MHwxfGNvbGxlY3Rpb258ODB8TjR3RE9pZUlBd2d8fHx8fDJ8fDE3MDIwMDU4OTJ8&ixlib=rb-4.0.3&q=80&w=400', 'thumb': 'https://images.unsplash.com/photo-1523911994826-b13e77719144?crop=entropy&cs=tinysrgb&fit=max&fm=jpg&ixid=M3w1MzgyNzl8MHwxfGNvbGxlY3Rpb258ODB8TjR3RE9pZUlBd2d8fHx8fDJ8fDE3MDIwMDU4OTJ8&ixlib=rb-4.0.3&q=80&w=200', 'small_s3': 'https://s3.us-west-2.amazonaws.com/images.unsplash.com/small/photo-1523911994826-b13e77719144'}"
ifR_v_GWliQ,"{'raw': 'https://images.unsplash.com/photo-1580918860823-f0072f5a6719?ixid=M3w1MzgyNzl8MHwxfGNvbGxlY3Rpb258ODF8TjR3RE9pZUlBd2d8fHx8fDJ8fDE3MDIwMDU4OTJ8&ixlib=rb-4.0.3', 'full': 'https://images.unsplash.com/photo-1580918860823-f0072f5a6719?crop=entropy&cs=srgb&fm=jpg&ixid=M3w1MzgyNzl8MHwxfGNvbGxlY3Rpb258ODF8TjR3RE9pZUlBd2d8fHx8fDJ8fDE3MDIwMDU4OTJ8&ixlib=rb-4.0.3&q=85', 'regular': 'https://images.unsplash.com/photo-1580918860823-f0072f5a6719?crop=entropy&cs=tinysrgb&fit=max&fm=jpg&ixid=M3w1MzgyNzl8MHwxfGNvbGxlY3Rpb258ODF8TjR3RE9pZUlBd2d8fHx8fDJ8fDE3MDIwMDU4OTJ8&ixlib=rb-4.0.3&q=80&w=1080', 'small': 'https://images.unsplash.com/photo-1580918860823-f0072f5a6719?crop=entropy&cs=tinysrgb&fit=max&fm=jpg&ixid=M3w1MzgyNzl8MHwxfGNvbGxlY3Rpb258ODF8TjR3RE9pZUlBd2d8fHx8fDJ8fDE3MDIwMDU4OTJ8&ixlib=rb-4.0.3&q=80&w=400', 'thumb': 'https://images.unsplash.com/photo-1580918860823-f0072f5a6719?crop=entropy&cs=tinysrgb&fit=max&fm=jpg&ixid=M3w1MzgyNzl8MHwxfGNvbGxlY3Rpb258ODF8TjR3RE9pZUlBd2d8fHx8fDJ8fDE3MDIwMDU4OTJ8&ixlib=rb-4.0.3&q=80&w=200', 'small_s3': 'https://s3.us-west-2.amazonaws.com/images.unsplash.com/small/photo-1580918860823-f0072f5a6719'}"
b1Y-6_DYVE0,"{'raw': 'https://images.unsplash.com/photo-1576333912285-fc883c6896fa?ixid=M3w1MzgyNzl8MHwxfGNvbGxlY3Rpb258ODJ8TjR3RE9pZUlBd2d8fHx8fDJ8fDE3MDIwMDU4OTJ8&ixlib=rb-4.0.3', 'full': 'https://images.unsplash.com/photo-1576333912285-fc883c6896fa?crop=entropy&cs=srgb&fm=jpg&ixid=M3w1MzgyNzl8MHwxfGNvbGxlY3Rpb258ODJ8TjR3RE9pZUlBd2d8fHx8fDJ8fDE3MDIwMDU4OTJ8&ixlib=rb-4.0.3&q=85', 'regular': 'https://images.unsplash.com/photo-1576333912285-fc883c6896fa?crop=entropy&cs=tinysrgb&fit=max&fm=jpg&ixid=M3w1MzgyNzl8MHwxfGNvbGxlY3Rpb258ODJ8TjR3RE9pZUlBd2d8fHx8fDJ8fDE3MDIwMDU4OTJ8&ixlib=rb-4.0.3&q=80&w=1080', 'small': 'https://images.unsplash.com/photo-1576333912285-fc883c6896fa?crop=entropy&cs=tinysrgb&fit=max&fm=jpg&ixid=M3w1MzgyNzl8MHwxfGNvbGxlY3Rpb258ODJ8TjR3RE9pZUlBd2d8fHx8fDJ8fDE3MDIwMDU4OTJ8&ixlib=rb-4.0.3&q=80&w=400', 'thumb': 'https://images.unsplash.com/photo-1576333912285-fc883c6896fa?crop=entropy&cs=tinysrgb&fit=max&fm=jpg&ixid=M3w1MzgyNzl8MHwxfGNvbGxlY3Rpb258ODJ8TjR3RE9pZUlBd2d8fHx8fDJ8fDE3MDIwMDU4OTJ8&ixlib=rb-4.0.3&q=80&w=200', 'small_s3': 'https://s3.us-west-2.amazonaws.com/images.unsplash.com/small/photo-1576333912285-fc883c6896fa'}"
Uo1_a7cTQKU,"{'raw': 'https://images.unsplash.com/photo-1564394232860-52605aab6780?ixid=M3w1MzgyNzl8MHwxfGNvbGxlY3Rpb258ODN8TjR3RE9pZUlBd2d8fHx8fDJ8fDE3MDIwMDU4OTJ8&ixlib=rb-4.0.3', 'full': 'https://images.unsplash.com/photo-1564394232860-52605aab6780?crop=entropy&cs=srgb&fm=jpg&ixid=M3w1MzgyNzl8MHwxfGNvbGxlY3Rpb258ODN8TjR3RE9pZUlBd2d8fHx8fDJ8fDE3MDIwMDU4OTJ8&ixlib=rb-4.0.3&q=85', 'regular': 'https://images.unsplash.com/photo-1564394232860-52605aab6780?crop=entropy&cs=tinysrgb&fit=max&fm=jpg&ixid=M3w1MzgyNzl8MHwxfGNvbGxlY3Rpb258ODN8TjR3RE9pZUlBd2d8fHx8fDJ8fDE3MDIwMDU4OTJ8&ixlib=rb-4.0.3&q=80&w=1080', 'small': 'https://images.unsplash.com/photo-1564394232860-52605aab6780?crop=entropy&cs=tinysrgb&fit=max&fm=jpg&ixid=M3w1MzgyNzl8MHwxfGNvbGxlY3Rpb258ODN8TjR3RE9pZUlBd2d8fHx8fDJ8fDE3MDIwMDU4OTJ8&ixlib=rb-4.0.3&q=80&w=400', 'thumb': 'https://images.unsplash.com/photo-1564394232860-52605aab6780?crop=entropy&cs=tinysrgb&fit=max&fm=jpg&ixid=M3w1MzgyNzl8MHwxfGNvbGxlY3Rpb258ODN8TjR3RE9pZUlBd2d8fHx8fDJ8fDE3MDIwMDU4OTJ8&ixlib=rb-4.0.3&q=80&w=200', 'small_s3': 'https://s3.us-west-2.amazonaws.com/images.unsplash.com/small/photo-1564394232860-52605aab6780'}"
eTw2CYgQQCQ,"{'raw': 'https://images.unsplash.com/photo-1610413260327-ac5ffe5e0146?ixid=M3w1MzgyNzl8MHwxfGNvbGxlY3Rpb258ODR8TjR3RE9pZUlBd2d8fHx8fDJ8fDE3MDIwMDU4OTJ8&ixlib=rb-4.0.3', 'full': 'https://images.unsplash.com/photo-1610413260327-ac5ffe5e0146?crop=entropy&cs=srgb&fm=jpg&ixid=M3w1MzgyNzl8MHwxfGNvbGxlY3Rpb258ODR8TjR3RE9pZUlBd2d8fHx8fDJ8fDE3MDIwMDU4OTJ8&ixlib=rb-4.0.3&q=85', 'regular': 'https://images.unsplash.com/photo-1610413260327-ac5ffe5e0146?crop=entropy&cs=tinysrgb&fit=max&fm=jpg&ixid=M3w1MzgyNzl8MHwxfGNvbGxlY3Rpb258ODR8TjR3RE9pZUlBd2d8fHx8fDJ8fDE3MDIwMDU4OTJ8&ixlib=rb-4.0.3&q=80&w=1080', 'small': 'https://images.unsplash.com/photo-1610413260327-ac5ffe5e0146?crop=entropy&cs=tinysrgb&fit=max&fm=jpg&ixid=M3w1MzgyNzl8MHwxfGNvbGxlY3Rpb258ODR8TjR3RE9pZUlBd2d8fHx8fDJ8fDE3MDIwMDU4OTJ8&ixlib=rb-4.0.3&q=80&w=400', 'thumb': 'https://images.unsplash.com/photo-1610413260327-ac5ffe5e0146?crop=entropy&cs=tinysrgb&fit=max&fm=jpg&ixid=M3w1MzgyNzl8MHwxfGNvbGxlY3Rpb258ODR8TjR3RE9pZUlBd2d8fHx8fDJ8fDE3MDIwMDU4OTJ8&ixlib=rb-4.0.3&q=80&w=200', 'small_s3': 'https://s3.us-west-2.amazonaws.com/images.unsplash.com/small/photo-1610413260327-ac5ffe5e0146'}"
F26TDHAk-1w,"{'raw': 'https://images.unsplash.com/photo-1610413394453-3c0b3fec5b91?ixid=M3w1MzgyNzl8MHwxfGNvbGxlY3Rpb258ODV8TjR3RE9pZUlBd2d8fHx8fDJ8fDE3MDIwMDU4OTJ8&ixlib=rb-4.0.3', 'full': 'https://images.unsplash.com/photo-1610413394453-3c0b3fec5b91?crop=entropy&cs=srgb&fm=jpg&ixid=M3w1MzgyNzl8MHwxfGNvbGxlY3Rpb258ODV8TjR3RE9pZUlBd2d8fHx8fDJ8fDE3MDIwMDU4OTJ8&ixlib=rb-4.0.3&q=85', 'regular': 'https://images.unsplash.com/photo-1610413394453-3c0b3fec5b91?crop=entropy&cs=tinysrgb&fit=max&fm=jpg&ixid=M3w1MzgyNzl8MHwxfGNvbGxlY3Rpb258ODV8TjR3RE9pZUlBd2d8fHx8fDJ8fDE3MDIwMDU4OTJ8&ixlib=rb-4.0.3&q=80&w=1080', 'small': 'https://images.unsplash.com/photo-1610413394453-3c0b3fec5b91?crop=entropy&cs=tinysrgb&fit=max&fm=jpg&ixid=M3w1MzgyNzl8MHwxfGNvbGxlY3Rpb258ODV8TjR3RE9pZUlBd2d8fHx8fDJ8fDE3MDIwMDU4OTJ8&ixlib=rb-4.0.3&q=80&w=400', 'thumb': 'https://images.unsplash.com/photo-1610413394453-3c0b3fec5b91?crop=entropy&cs=tinysrgb&fit=max&fm=jpg&ixid=M3w1MzgyNzl8MHwxfGNvbGxlY3Rpb258ODV8TjR3RE9pZUlBd2d8fHx8fDJ8fDE3MDIwMDU4OTJ8&ixlib=rb-4.0.3&q=80&w=200', 'small_s3': 'https://s3.us-west-2.amazonaws.com/images.unsplash.com/small/photo-1610413394453-3c0b3fec5b91'}"
